score,mandatory_review,role_category,company,title,location,location_priority,years_min,years_max,is_internship,resume_to_use,ats_score,tailored,resume_file,source,ats,final_url,url
70.0,1,analyst,Nexuslink Services India Pvt ltd,Business Analyst,"Ahmedabad, Gujarat",ahmedabad,3,5,0,analyst,100.0,False,/home/runner/work/job_pipeline/job_pipeline/resumes/VedangTrivedi_Analyst.pdf,adzuna,company_site,https://www.adzuna.in/details/5849525633?utm_medium=api&utm_source=93a24393,https://www.adzuna.in/details/5849525633?utm_medium=api&utm_source=93a24393
70.0,1,analyst,Mantras2Success,Business Analyst (Finance Domain ),"Ahmedabad, Gujarat",ahmedabad,6,7,0,analyst,100.0,False,/home/runner/work/job_pipeline/job_pipeline/resumes/VedangTrivedi_Analyst.pdf,adzuna,company_site,https://www.adzuna.in/details/5815820214?utm_medium=api&utm_source=93a24393,https://www.adzuna.in/details/5815820214?utm_medium=api&utm_source=93a24393
70.0,1,other,Au Small Finance Bank,Business Support Analyst,"Ahmedabad, Gujarat",ahmedabad,0,2,0,,,,,adzuna,company_site,https://www.adzuna.in/details/5850371664?utm_medium=api&utm_source=93a24393,https://www.adzuna.in/details/5850371664?utm_medium=api&utm_source=93a24393
70.0,1,other,Servicenow,"Staff Business Systems Analyst, Security","Ahmedabad, Gujarat",ahmedabad,0,2,0,,,,,adzuna,company_site,https://www.adzuna.in/details/5796405651?utm_medium=api&utm_source=93a24393,https://www.adzuna.in/details/5796405651?utm_medium=api&utm_source=93a24393
70.0,1,other,"KloudScript, Inc.",QA Engineer,"Ahmedabad, Gujarat",ahmedabad,0,2,0,,,,,adzuna,company_site,https://www.adzuna.in/details/2461074382?utm_medium=api&utm_source=93a24393,https://www.adzuna.in/details/2461074382?utm_medium=api&utm_source=93a24393
70.0,1,other,Bankai Infotech,Project Manager,"Ahmedabad, Gujarat",ahmedabad,0,2,0,,,,,adzuna,company_site,https://www.adzuna.in/details/5794939089?utm_medium=api&utm_source=93a24393,https://www.adzuna.in/details/5794939089?utm_medium=api&utm_source=93a24393
70.0,1,swe,Nyusoft Solutions,Senior Wordpress Developer,"Ahmedabad, Gujarat",ahmedabad,3,4,0,swe,,,,adzuna,company_site,https://www.adzuna.in/details/4493479593?utm_medium=api&utm_source=93a24393,https://www.adzuna.in/details/4493479593?utm_medium=api&utm_source=93a24393
70.0,1,other,Nyusoft Solutions,Cloud Engineer,"Ahmedabad, Gujarat",ahmedabad,1,2,0,,,,,adzuna,company_site,https://www.adzuna.in/details/4499249281?utm_medium=api&utm_source=93a24393,https://www.adzuna.in/details/4499249281?utm_medium=api&utm_source=93a24393
70.0,1,other,Mantras2Success,International Recruiter (UK Shift),"Ahmedabad, Gujarat",ahmedabad,0,2,1,,,,,adzuna,company_site,https://www.adzuna.in/details/5728364986?utm_medium=api&utm_source=93a24393,https://www.adzuna.in/details/5728364986?utm_medium=api&utm_source=93a24393
70.0,1,other,Valeo,Engineer / Sr. Engineer - IS / IT (M/F/D),"Ahmedabad, Gujarat",ahmedabad,0,2,0,,,,,adzuna,company_site,https://www.adzuna.in/details/5847067120?utm_medium=api&utm_source=93a24393,https://www.adzuna.in/details/5847067120?utm_medium=api&utm_source=93a24393
70.0,1,other,Nyusoft Solutions,Junior Project Coordinator,"Ahmedabad, Gujarat",ahmedabad,0,2,0,,,,,adzuna,company_site,https://www.adzuna.in/details/4509611769?utm_medium=api&utm_source=93a24393,https://www.adzuna.in/details/4509611769?utm_medium=api&utm_source=93a24393
70.0,1,other,Mantras2Success,Lasernet Functional Specialist,"Ahmedabad, Gujarat",ahmedabad,0,2,0,,,,,adzuna,company_site,https://www.adzuna.in/details/5727113684?utm_medium=api&utm_source=93a24393,https://www.adzuna.in/details/5727113684?utm_medium=api&utm_source=93a24393
70.0,1,other,Adani,Program Manager - ACoE,"Ahmedabad, Gujarat",ahmedabad,0,2,0,,,,,adzuna,company_site,https://www.adzuna.in/details/5796199968?utm_medium=api&utm_source=93a24393,https://www.adzuna.in/details/5796199968?utm_medium=api&utm_source=93a24393
70.0,1,other,Tata Capital,Relationship Manager - Wealth - Ahmedabad - Iscon Emporio - JM,"Ahmedabad, Gujarat",ahmedabad,0,2,0,,,,,adzuna,company_site,https://www.adzuna.in/details/5499441710?utm_medium=api&utm_source=93a24393,https://www.adzuna.in/details/5499441710?utm_medium=api&utm_source=93a24393
70.0,1,other,Tech Holding,Senior Data Engineer,"Ahmedabad, Gujarat",ahmedabad,0,2,0,,,,,adzuna,company_site,https://www.adzuna.in/details/5848585228?utm_medium=api&utm_source=93a24393,https://www.adzuna.in/details/5848585228?utm_medium=api&utm_source=93a24393
70.0,1,other,Tech Holding,Senior Data Engineer,"Ahmedabad, Gujarat",ahmedabad,0,2,0,,,,,adzuna,company_site,https://www.adzuna.in/details/5812834429?utm_medium=api&utm_source=93a24393,https://www.adzuna.in/details/5812834429?utm_medium=api&utm_source=93a24393
70.0,1,other,VT Netzwelt,Product Manager ( PDM ),"Ahmedabad, Gujarat",ahmedabad,0,2,0,,,,,adzuna,company_site,https://www.adzuna.in/details/5850376913?utm_medium=api&utm_source=93a24393,https://www.adzuna.in/details/5850376913?utm_medium=api&utm_source=93a24393
70.0,1,other,VT Netzwelt,Product Manager,"Ahmedabad, Gujarat",ahmedabad,0,2,0,,,,,adzuna,company_site,https://www.adzuna.in/details/5850376898?utm_medium=api&utm_source=93a24393,https://www.adzuna.in/details/5850376898?utm_medium=api&utm_source=93a24393
70.0,1,other,Caregence,"Lead Data Engineer (Snowflake / Databricks) Ahmedabad, Pune 7–10 Years","Ahmedabad, Gujarat",ahmedabad,0,2,0,,,,,adzuna,company_site,https://www.adzuna.in/details/5842051458?utm_medium=api&utm_source=93a24393,https://www.adzuna.in/details/5842051458?utm_medium=api&utm_source=93a24393
70.0,1,other,Caregence,"Senior Data Engineer (Snowflake / Databricks) Ahmedabad, Pune 5 Years","Ahmedabad, Gujarat",ahmedabad,0,2,0,,,,,adzuna,company_site,https://www.adzuna.in/details/5842489421?utm_medium=api&utm_source=93a24393,https://www.adzuna.in/details/5842489421?utm_medium=api&utm_source=93a24393
70.0,1,other,Anblicks Solutions,Sr. Data Engineer,"Ahmedabad, Gujarat",ahmedabad,0,2,0,,,,,adzuna,company_site,https://www.adzuna.in/details/5842589843?utm_medium=api&utm_source=93a24393,https://www.adzuna.in/details/5842589843?utm_medium=api&utm_source=93a24393
70.0,1,other,Kraft Heinz,"Analyst I, Global Procurement Solutions","Ahmedabad, Gujarat",ahmedabad,0,2,0,,,,,adzuna,company_site,https://www.adzuna.in/details/5844139549?utm_medium=api&utm_source=93a24393,https://www.adzuna.in/details/5844139549?utm_medium=api&utm_source=93a24393
70.0,1,other,Auzmoratc,cloud engineer,"Ahmedabad, Gujarat",ahmedabad,0,2,0,,,,,adzuna,company_site,https://www.adzuna.in/details/5823353277?utm_medium=api&utm_source=93a24393,https://www.adzuna.in/details/5823353277?utm_medium=api&utm_source=93a24393
70.0,1,other,e.l.f. Beauty,"Associate Director, Data Intelligence","Ahmedabad, Gujarat",ahmedabad,0,2,0,,,,,adzuna,company_site,https://www.adzuna.in/details/5834811992?utm_medium=api&utm_source=93a24393,https://www.adzuna.in/details/5834811992?utm_medium=api&utm_source=93a24393
70.0,1,analyst,Simform,Sr. Data Analyst,"Ahmedabad, Gujarat",ahmedabad,5,8,0,analyst,,,,adzuna,company_site,https://www.adzuna.in/details/5769822950?utm_medium=api&utm_source=93a24393,https://www.adzuna.in/details/5769822950?utm_medium=api&utm_source=93a24393
70.0,1,analyst,Mspire Ventures,We Are Hiring Data Analyst In Ahmedabad,"Ahmedabad, Gujarat",ahmedabad,6,3,0,analyst,100.0,False,/home/runner/work/job_pipeline/job_pipeline/resumes/VedangTrivedi_Analyst.pdf,adzuna,company_site,https://www.adzuna.in/details/5727276943?utm_medium=api&utm_source=93a24393,https://www.adzuna.in/details/5727276943?utm_medium=api&utm_source=93a24393
70.0,1,other,VT Netzwelt,Data Research Analyst,"Ahmedabad, Gujarat",ahmedabad,0,2,0,,,,,adzuna,company_site,https://www.adzuna.in/details/5850376895?utm_medium=api&utm_source=93a24393,https://www.adzuna.in/details/5850376895?utm_medium=api&utm_source=93a24393
70.0,1,other,S&P Global,"Apprentice, Metals & Mining (Data Operations)","Ahmedabad, Gujarat",ahmedabad,0,2,0,,,,,adzuna,company_site,https://www.adzuna.in/land/ad/5855429391?se=2tqc15Ok8RGpJaYqy5sVlA&utm_medium=api&utm_source=93a24393&v=7AA99D87331D941040CB83D02A1890B6B0509BCD,https://www.adzuna.in/land/ad/5855429391?se=2tqc15Ok8RGpJaYqy5sVlA&utm_medium=api&utm_source=93a24393&v=7AA99D87331D941040CB83D02A1890B6B0509BCD
70.0,1,other,kanhasoft,Data Research Analyst - Sales,"Ahmedabad, Gujarat",ahmedabad,0,2,0,,,,,adzuna,company_site,https://www.adzuna.in/details/5411469513?utm_medium=api&utm_source=93a24393,https://www.adzuna.in/details/5411469513?utm_medium=api&utm_source=93a24393
70.0,1,other,YipitData,Data Specialist,"Ahmedabad, Gujarat",ahmedabad,0,2,0,,,,,adzuna,company_site,https://www.adzuna.in/details/5777256360?utm_medium=api&utm_source=93a24393,https://www.adzuna.in/details/5777256360?utm_medium=api&utm_source=93a24393
70.0,1,other,ExcelPTP,BDE – IT Training Center | Ahmedabad,"Ahmedabad, Gujarat",ahmedabad,0,1,0,,,,,adzuna,company_site,https://www.adzuna.in/details/5829317356?utm_medium=api&utm_source=93a24393,https://www.adzuna.in/details/5829317356?utm_medium=api&utm_source=93a24393
70.0,1,other,Artic Consulting,Sr. Data Engineer,"Bodakdev, Ahmedabad",ahmedabad,0,2,0,,,,,adzuna,company_site,https://www.adzuna.in/details/5859993623?utm_medium=api&utm_source=93a24393,https://www.adzuna.in/details/5859993623?utm_medium=api&utm_source=93a24393
70.0,1,other,Arabelle Solutions,Factory Digitalization Lead,"Sanand, Ahmedabad",ahmedabad,0,2,0,,,,,adzuna,company_site,https://www.adzuna.in/details/5767117124?utm_medium=api&utm_source=93a24393,https://www.adzuna.in/details/5767117124?utm_medium=api&utm_source=93a24393
70.0,1,other,Adani,Techno Commercial _Purchase,"Ahmedabad, Gujarat",ahmedabad,0,2,0,,,,,adzuna,company_site,https://www.adzuna.in/details/5859753818?utm_medium=api&utm_source=93a24393,https://www.adzuna.in/details/5859753818?utm_medium=api&utm_source=93a24393
70.0,1,other,Artic Consulting,Sr. Data Engineer,"Ahmedabad, Gujarat",ahmedabad,0,2,0,,,,,adzuna,company_site,https://www.adzuna.in/details/5862100235?utm_medium=api&utm_source=93a24393,https://www.adzuna.in/details/5862100235?utm_medium=api&utm_source=93a24393
70.0,1,other,Artic Consulting,Sr. Data Engineer,"Ahmedabad, Gujarat",ahmedabad,0,2,0,,,,,adzuna,company_site,https://www.adzuna.in/details/5862285138?utm_medium=api&utm_source=93a24393,https://www.adzuna.in/details/5862285138?utm_medium=api&utm_source=93a24393
70.0,1,other,Tecblic Private LImited,Data Engineer,"Ahmedabad, Gujarat",ahmedabad,0,2,0,,,,,adzuna,company_site,https://www.adzuna.in/details/5266460272?utm_medium=api&utm_source=93a24393,https://www.adzuna.in/details/5266460272?utm_medium=api&utm_source=93a24393
70.0,1,other,Amneal Pharmaceuticals,"Senior Executive, Lab QA","Ahmedabad, Gujarat",ahmedabad,0,2,0,,,,,adzuna,company_site,https://www.adzuna.in/details/5860970721?utm_medium=api&utm_source=93a24393,https://www.adzuna.in/details/5860970721?utm_medium=api&utm_source=93a24393
70.0,1,other,Happiest Resume,Instrument Chemist,"Ahmedabad, Gujarat",ahmedabad,0,2,0,,,,,adzuna,company_site,https://www.adzuna.in/details/5855732952?utm_medium=api&utm_source=93a24393,https://www.adzuna.in/details/5855732952?utm_medium=api&utm_source=93a24393
70.0,1,other,S&P Global,"Apprentice, Metals & Mining","Ahmedabad, Gujarat",ahmedabad,0,2,0,,,,,adzuna,company_site,https://www.adzuna.in/details/5856453140?utm_medium=api&utm_source=93a24393,https://www.adzuna.in/details/5856453140?utm_medium=api&utm_source=93a24393
70.0,1,other,Mantras2Success,Revenue and Yield Analyst,"Ahmedabad, Gujarat",ahmedabad,0,2,0,,,,,adzuna,,,https://www.adzuna.in/details/5728274543?utm_medium=api&utm_source=93a24393
70.0,1,other,Anblicks Solutions,Big Data Engineer,"Ahmedabad, Gujarat",ahmedabad,0,2,0,,,,,adzuna,,,https://www.adzuna.in/details/5842589841?utm_medium=api&utm_source=93a24393
70.0,1,other,YipitData,Data QA Specialist,"Ahmedabad, Gujarat",ahmedabad,0,2,0,,,,,adzuna,,,https://www.adzuna.in/details/5040652536?utm_medium=api&utm_source=93a24393
70.0,1,other,Squarcell Resource India Pvt,Technical Support Anyalyst,"Ahmedabad, Gujarat",ahmedabad,0,2,0,,,,,adzuna,,,https://www.adzuna.in/details/4259020287?utm_medium=api&utm_source=93a24393
70.0,1,other,SKIPS University,Assistant Professor of Computer Science,"Ahmedabad, Gujarat",ahmedabad,0,2,0,,,,,adzuna,,,https://www.adzuna.in/land/ad/5854366226?se=xD022JOk8RG2ZOdGta1BAA&utm_medium=api&utm_source=93a24393&v=489820ACC755BE7FF58D67DE393566074CE57CC0
70.0,1,swe,DaeBuild CRM,Sr. Software Engineer - Enterprise Systems,"Ahmedabad, Gujarat",ahmedabad,3,4,0,swe,,,,adzuna,,,https://www.adzuna.in/details/1778348147?utm_medium=api&utm_source=93a24393
70.0,1,swe,Advantmed,Senior Software Engineer _ Asp.net MVC,"Ahmedabad, Gujarat",ahmedabad,5,6,0,swe,,,,adzuna,,,https://www.adzuna.in/details/5796412690?utm_medium=api&utm_source=93a24393
70.0,1,other,Indimedi,Sr . Software QA Engineer,"Ahmedabad, Gujarat",ahmedabad,0,2,0,,,,,adzuna,,,https://www.adzuna.in/details/5820581402?utm_medium=api&utm_source=93a24393
70.0,1,other,TIGI HR Solution Pvt. Ltd.,Quality Assurance Engineer Software,"Ahmedabad, Gujarat",ahmedabad,0,2,0,,,,,adzuna,,,https://www.adzuna.in/details/4965365443?utm_medium=api&utm_source=93a24393
70.0,1,other,Mantras2Success,Software QA Engineer (AR/VR/XR/3D Apps),"Ahmedabad, Gujarat",ahmedabad,0,2,0,,,,,adzuna,,,https://www.adzuna.in/details/5811349602?utm_medium=api&utm_source=93a24393
70.0,1,other,headsquestcom,Nesting Engineer (ProNest Software),"Ahmedabad, Gujarat",ahmedabad,0,2,0,,,,,adzuna,,,https://www.adzuna.in/details/5778666617?utm_medium=api&utm_source=93a24393
70.0,1,other,Oracle,Core Infrastructure Engineer 2,"Ahmedabad, Gujarat",ahmedabad,0,2,0,,,,,adzuna,,,https://www.adzuna.in/details/5858124863?utm_medium=api&utm_source=93a24393
70.0,1,swe,Contrado Imaging India Pvt Ltd,Sr. Full Stack Developer (.NET  Angular),"Ahmedabad, Gujarat",ahmedabad,6,12,0,swe,,,,adzuna,,,https://www.adzuna.in/details/4844539202?utm_medium=api&utm_source=93a24393
70.0,1,swe,Talent500 INC,Backend Developer - Java / Python,"Ahmedabad, Gujarat",ahmedabad,5,12,0,swe,,,,adzuna,,,https://www.adzuna.in/details/5680955777?utm_medium=api&utm_source=93a24393
70.0,1,other,encircle.io,Product Manager,"Ahmedabad, Gujarat",ahmedabad,0,2,0,,,,,adzuna,,,https://www.adzuna.in/details/4801539606?utm_medium=api&utm_source=93a24393
70.0,1,other,Adani,Python (GenAI) Engineering Manager,"Ahmedabad, Gujarat",ahmedabad,0,2,0,,,,,adzuna,,,https://www.adzuna.in/details/5776807466?utm_medium=api&utm_source=93a24393
70.0,1,other,Synoptek,GCP Data Engineer,"Ahmedabad, Gujarat",ahmedabad,0,2,0,,,,,adzuna,,,https://www.adzuna.in/details/5845320915?utm_medium=api&utm_source=93a24393
70.0,1,other,Dhruv Corporate HR Solutions,Electronics hardware design Engineer,"Ahmedabad, Gujarat",ahmedabad,0,2,0,,,,,adzuna,,,https://www.adzuna.in/details/5727128194?utm_medium=api&utm_source=93a24393
70.0,1,other,IH Enterprise,Required Graduated Trainee,"Ahmedabad, Gujarat",ahmedabad,0,2,1,,,,,adzuna,,,https://www.adzuna.in/details/4801470250?utm_medium=api&utm_source=93a24393
70.0,1,other,,Embedded Engineer,"Ahmedabad, Gujarat",ahmedabad,0,2,0,,,,,adzuna,,,https://www.adzuna.in/details/4686701691?utm_medium=api&utm_source=93a24393
70.0,1,other,ELLKAY,Sr. Technical Recruiter,"Ahmedabad, Gujarat",ahmedabad,0,2,0,,,,,adzuna,,,https://www.adzuna.in/details/5861348486?utm_medium=api&utm_source=93a24393
70.0,1,other,Dash Technologies Inc.,Senior Quality Assurance Analyst (QMS),"Ahmedabad, Gujarat",ahmedabad,0,2,0,,,,,adzuna,,,https://www.adzuna.in/details/5848053824?utm_medium=api&utm_source=93a24393
70.0,1,other,Maruti Techlabs,Quality Assurance Engineer,"Ahmedabad, Gujarat",ahmedabad,0,2,0,,,,,adzuna,,,https://www.adzuna.in/details/5850893312?utm_medium=api&utm_source=93a24393
70.0,1,other,Saasuji,Across all departments,"Ahmedabad, ",ahmedabad,0,2,0,,,,,remoteok,,,https://remoteOK.com/remote-jobs/remote-across-all-departments-saasuji-1137075
70.0,1,other,PwC India,IN_Associate_Ivalua_ Supply Chain_Advisory_Ahmedabad,"Ahmedabad, Gujarat, India",ahmedabad,0,2,0,,,,,jobspy:linkedin,,,https://www.linkedin.com/jobs/view/4291068086
70.0,1,other,PwC India,IN_Senior Associate_SAP MM_SAP_Advisory_Ahmedabad,"Ahmedabad, Gujarat, India",ahmedabad,0,2,0,,,,,jobspy:linkedin,,,https://www.linkedin.com/jobs/view/4460822174
70.0,1,other,Visara Partners,Governance &amp; Reporting (PMC Background),"Ahmedabad, Gujarat, India",ahmedabad,0,2,0,,,,,jobspy:linkedin,,,https://www.linkedin.com/jobs/view/4458494096
70.0,1,other,Kraft Heinz,"Analyst II, Logistics, Order Management","Ahmedabad, Gujarat, India",ahmedabad,0,2,0,,,,,jobspy:linkedin,,,https://www.linkedin.com/jobs/view/4451047087
70.0,1,other,Artic Consulting,Sr. Data Engineer,"Ahmedabad, Gujarat, India",ahmedabad,0,2,0,,,,,jobspy:linkedin,,,https://www.linkedin.com/jobs/view/4460500420
70.0,1,other,Amneal Pharmaceuticals,"Deputy Manager, Accounting","Ahmedabad, Gujarat, India",ahmedabad,0,2,0,,,,,jobspy:linkedin,,,https://www.linkedin.com/jobs/view/4441985250
70.0,1,other,EY,Industrial Trainee - Business Consulting Risk - AMI - CNS - Risk - Process & Controls - Ahmedabad,"Ahmedabad, Gujarat, India",ahmedabad,0,2,1,,,,,jobspy:linkedin,,,https://www.linkedin.com/jobs/view/4459708970
70.0,1,other,E.L.F. BEAUTY,"Specialist, SAP Master Data","Ahmedabad, Gujarat, India",ahmedabad,0,2,0,,,,,jobspy:linkedin,,,https://www.linkedin.com/jobs/view/4442167737
70.0,1,other,Adani Airport Holdings Ltd,Enterprise Data Architect,"Ahmedabad, Gujarat, India",ahmedabad,0,2,0,,,,,jobspy:linkedin,,,https://www.linkedin.com/jobs/view/4432671300
70.0,1,other,iSummation Technologies Pvt Ltd.,AI Engineer (GenAI Applications),"Ahmedabad, Gujarat, India",ahmedabad,0,2,0,,,,,jobspy:linkedin,,,https://www.linkedin.com/jobs/view/4459469919
70.0,1,other,Infineon Technologies,Principal Engineer Software,"Ahmedabad, Gujarat, India",ahmedabad,0,2,0,,,,,jobspy:linkedin,,,https://www.linkedin.com/jobs/view/4450689574
70.0,1,other,DXFactor,AI Lead / AI Architect,"Ahmedabad, Gujarat, India",ahmedabad,0,2,0,,,,,jobspy:linkedin,,,https://www.linkedin.com/jobs/view/4458461804
70.0,1,other,Oracle,Senior Core Infrastructure Engineer,"Ahmedabad, Gujarat, India",ahmedabad,0,2,0,,,,,jobspy:linkedin,,,https://www.linkedin.com/jobs/view/4438432665
70.0,1,other,Zigsaw,DevOps Engineer,"Ahmedabad, Gujarat, India",ahmedabad,0,2,0,,,,,jobspy:linkedin,,,https://www.linkedin.com/jobs/view/4459740335
70.0,1,other,Cin7,Senior QA Engineer - Automation & AI,"Ahmedabad, Gujarat, India",ahmedabad,0,2,0,,,,,jobspy:linkedin,,,https://www.linkedin.com/jobs/view/4433594562
70.0,1,other,E.L.F. BEAUTY,"Associate Director, Data Intelligence","Ahmedabad, Gujarat, India",ahmedabad,0,2,0,,,,,jobspy:linkedin,,,https://www.linkedin.com/jobs/view/4442181171
70.0,1,other,UST,BigFix Engineer,"Ahmedabad, Gujarat, India",ahmedabad,0,2,0,,,,,jobspy:linkedin,,,https://www.linkedin.com/jobs/view/4458812098
50.0,1,other,Techblocks,Senior Java Architect,"Ahmedabad, Gujarat",ahmedabad,15,16,0,,,,,adzuna,,,https://www.adzuna.in/details/5832800905?utm_medium=api&utm_source=93a24393
50.0,1,other,Eclat Engineering Pvt Ltd,Sr Talent Acquisition Specialist,"Ahmedabad, Gujarat",ahmedabad,3,5,0,,,,,adzuna,,,https://www.adzuna.in/details/5225609550?utm_medium=api&utm_source=93a24393
50.0,1,other,Tecblic Private LImited,Senior Data Engineer,"Ahmedabad, Gujarat",ahmedabad,5,6,0,,,,,adzuna,,,https://www.adzuna.in/details/5525009707?utm_medium=api&utm_source=93a24393
50.0,1,other,Happiest Resume,Instrument Chemist / Senior Analyst / Executive – Instrumentation,"Ahmedabad, Gujarat",ahmedabad,2,3,0,,,,,adzuna,,,https://www.adzuna.in/details/5848722885?utm_medium=api&utm_source=93a24393
50.0,1,other,Dhruv Corporate HR Solutions,Software Technical Support Engineer,"Ahmedabad, Gujarat",ahmedabad,4,8,0,,,,,adzuna,,,https://www.adzuna.in/details/5728269820?utm_medium=api&utm_source=93a24393
90.0,0,analyst,Acme Services Private Limited,Business Analyst,"Raikhad, Ahmedabad",ahmedabad,0,2,0,analyst,,,,adzuna,,,https://www.adzuna.in/details/5854530951?utm_medium=api&utm_source=93a24393
90.0,0,analyst,TIGI HR Solution Pvt. Ltd.,Business Analyst,"Ahmedabad, Gujarat",ahmedabad,0,2,0,analyst,,,,adzuna,,,https://www.adzuna.in/details/4964034326?utm_medium=api&utm_source=93a24393
90.0,0,analyst,Whatfix,Business Analyst,"Ahmedabad, Gujarat",ahmedabad,0,2,0,analyst,,,,adzuna,,,https://www.adzuna.in/details/5821860803?utm_medium=api&utm_source=93a24393
90.0,0,analyst,Krish Technolabs,Business Analyst,"Ahmedabad, Gujarat",ahmedabad,0,2,0,analyst,,,,adzuna,,,https://www.adzuna.in/details/2742136028?utm_medium=api&utm_source=93a24393
90.0,0,analyst,i-Lanam Technologies,Business Analyst,"Ahmedabad, Gujarat",ahmedabad,0,2,0,analyst,,,,adzuna,,,https://www.adzuna.in/details/2478113152?utm_medium=api&utm_source=93a24393
90.0,0,analyst,Bankai Infotech,Business Analyst,"Ahmedabad, Gujarat",ahmedabad,0,2,0,analyst,,,,adzuna,,,https://www.adzuna.in/details/5794939080?utm_medium=api&utm_source=93a24393
90.0,0,analyst,VT Netzwelt,Business Analyst,"Ahmedabad, Gujarat",ahmedabad,0,2,0,analyst,,,,adzuna,,,https://www.adzuna.in/details/5850376959?utm_medium=api&utm_source=93a24393
90.0,0,analyst,Post A Resume,Business Analyst,"Ahmedabad, Gujarat",ahmedabad,0,2,0,analyst,,,,adzuna,,,https://www.adzuna.in/details/5727169369?utm_medium=api&utm_source=93a24393
90.0,0,analyst,Hunarstreet Technologies Pvt Ltd,Business Analyst,"Ahmedabad, Gujarat",ahmedabad,0,2,0,analyst,,,,adzuna,,,https://www.adzuna.in/details/5208232502?utm_medium=api&utm_source=93a24393
90.0,0,analyst,OculusIT,Business Analyst,"Ahmedabad, Gujarat",ahmedabad,0,2,0,analyst,,,,adzuna,,,https://www.adzuna.in/details/5811737357?utm_medium=api&utm_source=93a24393
90.0,0,analyst,Unique IT Solution,Business Analyst,"Ahmedabad, Gujarat",ahmedabad,0,2,0,analyst,,,,adzuna,,,https://www.adzuna.in/details/5324109247?utm_medium=api&utm_source=93a24393
90.0,0,analyst,Whatfix,Business Analyst,"Ahmedabad, Gujarat",ahmedabad,0,2,0,analyst,,,,adzuna,,,https://www.adzuna.in/details/5821860786?utm_medium=api&utm_source=93a24393
90.0,0,analyst,OctagoTech - Odoo Partner USA,Business Analyst Odoo,"Ahmedabad, Gujarat",ahmedabad,0,2,0,analyst,,,,adzuna,,,https://www.adzuna.in/details/5826713329?utm_medium=api&utm_source=93a24393
90.0,0,analyst,Asite,Product Business Analyst,"Ahmedabad, Gujarat",ahmedabad,0,2,0,analyst,,,,adzuna,,,https://www.adzuna.in/details/5849858899?utm_medium=api&utm_source=93a24393
90.0,0,analyst,Tecstub,Senior Business Analyst,"Ahmedabad, Gujarat",ahmedabad,0,2,0,analyst,,,,adzuna,,,https://www.adzuna.in/details/4446921052?utm_medium=api&utm_source=93a24393
90.0,0,analyst,iCreative Technologies,Sr Business Analyst,"Ahmedabad, Gujarat",ahmedabad,0,2,0,analyst,,,,adzuna,,,https://www.adzuna.in/details/5837019564?utm_medium=api&utm_source=93a24393
90.0,0,analyst,Tops Infosolutions,Senior Business Analyst,"Ahmedabad, Gujarat",ahmedabad,0,2,0,analyst,,,,adzuna,,,https://www.adzuna.in/details/5802676490?utm_medium=api&utm_source=93a24393
90.0,0,analyst,Genius Placement Service,IT Business Analyst,"Ahmedabad, Gujarat",ahmedabad,0,2,0,analyst,,,,adzuna,,,https://www.adzuna.in/details/2500155976?utm_medium=api&utm_source=93a24393
90.0,0,analyst,OculusIT,Jenzabar Business Analyst,"Ahmedabad, Gujarat",ahmedabad,0,2,0,analyst,,,,adzuna,,,https://www.adzuna.in/details/5811737362?utm_medium=api&utm_source=93a24393
90.0,0,analyst,Codezeros,Senior Business Analyst,"Ahmedabad, Gujarat",ahmedabad,0,2,0,analyst,,,,adzuna,,,https://www.adzuna.in/details/5831863927?utm_medium=api&utm_source=93a24393
90.0,0,analyst,AgileEngine,Senior Business Analyst ID85838,"Motera, Ahmedabad",ahmedabad,0,2,0,analyst,,,,adzuna,,,https://www.adzuna.in/details/5858709066?utm_medium=api&utm_source=93a24393
90.0,0,analyst,Esyasoft Technologies Private Limited,Assistant Manager - Business Analyst,"Raikhad, Ahmedabad",ahmedabad,0,2,0,analyst,,,,adzuna,,,https://www.adzuna.in/details/5826772675?utm_medium=api&utm_source=93a24393
90.0,0,analyst,Kemsys Technologies,Business Analyst/Product Owner,"Ahmedabad, Gujarat",ahmedabad,0,2,0,analyst,,,,adzuna,,,https://www.adzuna.in/details/5854322056?utm_medium=api&utm_source=93a24393
90.0,0,analyst,Simform,Senior Business Analyst - Presales,"Ahmedabad, Gujarat",ahmedabad,0,2,0,analyst,,,,adzuna,,,https://www.adzuna.in/details/5749611936?utm_medium=api&utm_source=93a24393
90.0,0,analyst,Acura Solution,Grant Thornton/Business Analyst/ Ahmedabad,"Ahmedabad, Gujarat",ahmedabad,0,2,0,analyst,,,,adzuna,,,https://www.adzuna.in/details/5728442696?utm_medium=api&utm_source=93a24393
90.0,0,analyst,Intech Systems,Microsoft Dynamics CRM Business Analyst,"Ahmedabad, Gujarat",ahmedabad,0,2,0,analyst,,,,adzuna,,,https://www.adzuna.in/details/2728438571?utm_medium=api&utm_source=93a24393
90.0,0,analyst,Mantras2Success,Business Analyst ( SAP FICO Consultant),"Ahmedabad, Gujarat",ahmedabad,0,2,0,analyst,,,,adzuna,,,https://www.adzuna.in/details/5727277140?utm_medium=api&utm_source=93a24393
90.0,0,analyst,OctagoTech - Odoo Partner USA,Business Analyst Odoo Intern Trainee,"Ahmedabad, Gujarat",ahmedabad,0,2,1,analyst,,,,adzuna,,,https://www.adzuna.in/details/5826713345?utm_medium=api&utm_source=93a24393
90.0,0,analyst,Beiersdorf,Business Analyst- Digital Industrial Engineering,"Ahmedabad, Gujarat",ahmedabad,0,2,0,analyst,,,,adzuna,,,https://www.adzuna.in/details/5839099643?utm_medium=api&utm_source=93a24393
90.0,0,analyst,Otsuka Pharmaceutical India Pvt Ltd,"Business Analyst- Otsuka Pharma (MNC) , Ahmedabad","Ahmedabad, Gujarat",ahmedabad,0,2,0,analyst,,,,adzuna,,,https://www.adzuna.in/details/5828608114?utm_medium=api&utm_source=93a24393
90.0,0,analyst,Post A Resume,Hiring Business Analyst for an Leading Global Environmental Technology company,"Ahmedabad, Gujarat",ahmedabad,0,2,0,analyst,,,,adzuna,,,https://www.adzuna.in/details/5858373922?utm_medium=api&utm_source=93a24393
90.0,0,swe,Galaminds,Developer,"Ahmedabad, Gujarat",ahmedabad,0,2,0,swe,,,,adzuna,,,https://www.adzuna.in/details/5831293120?utm_medium=api&utm_source=93a24393
90.0,0,analyst,Mantras2Success,Data Analysis Executive (MIS Expert),"Ahmedabad, Gujarat",ahmedabad,0,2,0,analyst,,,,adzuna,,,https://www.adzuna.in/details/5727253549?utm_medium=api&utm_source=93a24393
90.0,0,analyst,Indimedi,Business Development Manager,"Ahmedabad, Gujarat",ahmedabad,0,2,0,analyst,,,,adzuna,,,https://www.adzuna.in/details/5820581454?utm_medium=api&utm_source=93a24393
90.0,0,analyst,Tops Infosolutions,Sr. Dot Net Developer,"Ahmedabad, Gujarat",ahmedabad,0,2,0,analyst,,,,adzuna,,,https://www.adzuna.in/details/5442082856?utm_medium=api&utm_source=93a24393
90.0,0,analyst,Technocruitx universal services pvt ltd,Dot Net Developer,"Ahmedabad, Gujarat",ahmedabad,0,2,0,analyst,,,,adzuna,,,https://www.adzuna.in/details/3064219010?utm_medium=api&utm_source=93a24393
90.0,0,analyst,Mantras2Success,Sr. Financial Analyst,"Ahmedabad, Gujarat",ahmedabad,0,2,0,analyst,,,,adzuna,,,https://www.adzuna.in/details/5728296257?utm_medium=api&utm_source=93a24393
90.0,0,analyst,Tops Infosolutions,Power BI Developer,"Ahmedabad, Gujarat",ahmedabad,0,2,0,analyst,,,,adzuna,,,https://www.adzuna.in/details/5656044143?utm_medium=api&utm_source=93a24393
90.0,0,analyst,Tops Infosolutions,Senior Power BI Developer,"Ahmedabad, Gujarat",ahmedabad,0,2,0,analyst,,,,adzuna,,,https://www.adzuna.in/details/5274165878?utm_medium=api&utm_source=93a24393
90.0,0,analyst,Tops Infosolutions,Sr. Power BI Developer,"Ahmedabad, Gujarat",ahmedabad,0,2,0,analyst,,,,adzuna,,,https://www.adzuna.in/details/5314053907?utm_medium=api&utm_source=93a24393
90.0,0,swe,Arrow,Salesforce CRM Developer,"Ahmedabad, Gujarat",ahmedabad,0,2,0,swe,,,,adzuna,,,https://www.adzuna.in/details/5833603359?utm_medium=api&utm_source=93a24393
90.0,0,swe,FZ Talent Solution,Senior Java Angular Developer,"Ahmedabad, Gujarat",ahmedabad,0,2,0,swe,,,,adzuna,,,https://www.adzuna.in/details/5446435271?utm_medium=api&utm_source=93a24393
90.0,0,swe,GetOnCRM Solutions,Salesforce CPQ/Revenue Cloud Developer,"Ahmedabad, Gujarat",ahmedabad,0,2,0,swe,,,,adzuna,,,https://www.adzuna.in/details/5751014080?utm_medium=api&utm_source=93a24393
90.0,0,swe,Post A Resume,Hiring BI Developer - Lead for Cloud based IT Company,"Ahmedabad, Gujarat",ahmedabad,0,2,0,swe,,,,adzuna,,,https://www.adzuna.in/details/5727272194?utm_medium=api&utm_source=93a24393
90.0,0,swe,A Full Service Digital Commerce Agency,Sr. Data Engineer,"Ahmedabad, Gujarat",ahmedabad,0,2,0,swe,,,,adzuna,,,https://www.adzuna.in/details/5365281422?utm_medium=api&utm_source=93a24393
90.0,0,analyst,Kanerika Software,Lead Data Engineer,"Ahmedabad, Gujarat",ahmedabad,0,2,0,analyst,,,,adzuna,,,https://www.adzuna.in/details/5850380206?utm_medium=api&utm_source=93a24393
90.0,0,swe,Sophos,Zuora Billing- Senior Developer,"Ahmedabad, Gujarat",ahmedabad,0,2,0,swe,,,,adzuna,,,https://www.adzuna.in/details/5753532934?utm_medium=api&utm_source=93a24393
90.0,0,swe,Sophos,Zuora Billing- Senior Developer,"Ahmedabad, Gujarat",ahmedabad,0,2,0,swe,,,,adzuna,,,https://www.adzuna.in/details/5835790477?utm_medium=api&utm_source=93a24393
90.0,0,swe,Post A Resume,Hiring SQL Server Database Developer for Cloud based IT Firm,"Ahmedabad, Gujarat",ahmedabad,0,2,0,swe,,,,adzuna,,,https://www.adzuna.in/details/5729533165?utm_medium=api&utm_source=93a24393
90.0,0,analyst,Milestone Online Technology,Data Analyst,"Ahmedabad, Gujarat",ahmedabad,0,1,0,analyst,,,,adzuna,,,https://www.adzuna.in/details/5832798180?utm_medium=api&utm_source=93a24393
90.0,0,analyst,Mantras2Success,Data Analyst,"Ahmedabad, Gujarat",ahmedabad,0,2,0,analyst,,,,adzuna,,,https://www.adzuna.in/details/5727239818?utm_medium=api&utm_source=93a24393
90.0,0,analyst,Mantras2Success,Data Analyst,"Ahmedabad, Gujarat",ahmedabad,0,2,0,analyst,,,,adzuna,,,https://www.adzuna.in/details/5728267279?utm_medium=api&utm_source=93a24393
90.0,0,analyst,Grubbrr systems Pvt Ltd,Data Analyst,"Ahmedabad, Gujarat",ahmedabad,0,2,0,analyst,,,,adzuna,,,https://www.adzuna.in/details/4665943640?utm_medium=api&utm_source=93a24393
90.0,0,analyst,Hunarstreet Technologies Pvt Ltd,Senior Data Analyst - Ahmedabad,"Ahmedabad, Gujarat",ahmedabad,0,2,0,analyst,,,,adzuna,,,https://www.adzuna.in/details/5774584172?utm_medium=api&utm_source=93a24393
90.0,0,analyst,Bigbasket,Mis Executive,"Ahmedabad, Gujarat",ahmedabad,0,2,0,analyst,,,,adzuna,,,https://www.adzuna.in/details/5857743591?utm_medium=api&utm_source=93a24393
90.0,0,analyst,Hunarstreet Technologies Pvt Ltd,Senior MIS Executive,"Ahmedabad, Gujarat",ahmedabad,0,2,0,analyst,,,,adzuna,,,https://www.adzuna.in/details/5734913138?utm_medium=api&utm_source=93a24393
90.0,0,analyst,Mantras2Success,Power BI Developer,"Ahmedabad, Gujarat",ahmedabad,0,2,0,analyst,,,,adzuna,,,https://www.adzuna.in/details/5727265062?utm_medium=api&utm_source=93a24393
90.0,0,swe,Petpooja,Software Engineer,"Ahmedabad, Gujarat",ahmedabad,0,2,0,swe,,,,adzuna,,,https://www.adzuna.in/details/3090398896?utm_medium=api&utm_source=93a24393
90.0,0,swe,Petpooja,Full Stack Developer ( PHP ),"Ahmedabad, Gujarat",ahmedabad,0,2,0,swe,,,,adzuna,,,https://www.adzuna.in/details/2989122385?utm_medium=api&utm_source=93a24393
90.0,0,swe,S&P Global,"Senior Software Engineer- Python, Data Engineer","Ahmedabad, Gujarat",ahmedabad,0,2,0,swe,,,,adzuna,,,https://www.adzuna.in/land/ad/5857982620?se=xD022JOk8RG2ZOdGta1BAA&utm_medium=api&utm_source=93a24393&v=C23207572509CD6B8B5F2A54EF31BBFA4E2CFC82
90.0,0,swe,Infomize Technologies,Software Engineer,"Ahmedabad, Gujarat",ahmedabad,0,2,0,swe,,,,adzuna,,,https://www.adzuna.in/details/1171508379?utm_medium=api&utm_source=93a24393
90.0,0,swe,Meditab Software,Software Engineer,"Ahmedabad, Gujarat",ahmedabad,0,1,0,swe,,,,adzuna,,,https://www.adzuna.in/details/5451259880?utm_medium=api&utm_source=93a24393
90.0,0,swe,Staffchief Consultants,Software Engineer,"Ahmedabad, Gujarat",ahmedabad,0,2,0,swe,,,,adzuna,,,https://www.adzuna.in/details/2247158663?utm_medium=api&utm_source=93a24393
90.0,0,swe,Synoverge Technologies,Software Engineer,"Ahmedabad, Gujarat",ahmedabad,0,2,0,swe,,,,adzuna,,,https://www.adzuna.in/details/2529046422?utm_medium=api&utm_source=93a24393
90.0,0,swe,Etymon Technologies Pvt. Ltd,Software Engineer,"Ahmedabad, Gujarat",ahmedabad,0,2,0,swe,,,,adzuna,,,https://www.adzuna.in/details/1295230812?utm_medium=api&utm_source=93a24393
90.0,0,swe,SculptSoft AI Software Development Company,Software Engineering Manager,"Ahmedabad, Gujarat",ahmedabad,0,2,0,swe,,,,adzuna,,,https://www.adzuna.in/details/5854847526?utm_medium=api&utm_source=93a24393
90.0,0,swe,Peerbits,Software Engineer L1,"Ahmedabad, Gujarat",ahmedabad,0,2,0,swe,,,,adzuna,,,https://www.adzuna.in/details/5503838284?utm_medium=api&utm_source=93a24393
90.0,0,swe,Glide,Embedded Software Engineer,"Ahmedabad, Gujarat",ahmedabad,0,2,0,swe,,,,adzuna,,,https://www.adzuna.in/details/1171509643?utm_medium=api&utm_source=93a24393
90.0,0,swe,Kanerika Software Private Limited,Principal Software Engineer,"Ahmedabad, Gujarat",ahmedabad,0,2,0,swe,,,,adzuna,,,https://www.adzuna.in/details/5796415440?utm_medium=api&utm_source=93a24393
90.0,0,swe,Anblicks Solutions,Sr. Software Engineer,"Ahmedabad, Gujarat",ahmedabad,0,2,0,swe,,,,adzuna,,,https://www.adzuna.in/details/5842589874?utm_medium=api&utm_source=93a24393
90.0,0,swe,Radix Web,Software Engineer - Magento,"Ahmedabad, Gujarat",ahmedabad,0,2,0,swe,,,,adzuna,,,https://www.adzuna.in/details/1887430192?utm_medium=api&utm_source=93a24393
90.0,0,swe,Radix Web,Software Engineer - Laravel,"Ahmedabad, Gujarat",ahmedabad,0,2,0,swe,,,,adzuna,,,https://www.adzuna.in/details/1887430214?utm_medium=api&utm_source=93a24393
90.0,0,swe,Brodos India Pvt. Ltd.,Software Engineer JAVA,"Ahmedabad, Gujarat",ahmedabad,0,2,0,swe,,,,adzuna,,,https://www.adzuna.in/details/3433222242?utm_medium=api&utm_source=93a24393
90.0,0,swe,Digiqt Technolabs,Senior Software Engineer,"Ahmedabad, Gujarat",ahmedabad,0,2,0,swe,,,,adzuna,,,https://www.adzuna.in/details/2018767990?utm_medium=api&utm_source=93a24393
90.0,0,swe,Klevu,Software Engineer (Backend),"Ahmedabad, Gujarat",ahmedabad,0,2,0,swe,,,,adzuna,,,https://www.adzuna.in/details/4149351987?utm_medium=api&utm_source=93a24393
90.0,0,swe,Servicenow,"Manager, Software Engineering","Ahmedabad, Gujarat",ahmedabad,0,2,0,swe,,,,adzuna,,,https://www.adzuna.in/details/5796405604?utm_medium=api&utm_source=93a24393
90.0,0,swe,Anblicks Solutions,Associate Software Engineer,"Ahmedabad, Gujarat",ahmedabad,0,2,0,swe,,,,adzuna,,,https://www.adzuna.in/details/5842589836?utm_medium=api&utm_source=93a24393
90.0,0,swe,Anblicks Solutions,Sr. Software Engineer,"Ahmedabad, Gujarat",ahmedabad,0,2,0,swe,,,,adzuna,,,https://www.adzuna.in/details/5842589876?utm_medium=api&utm_source=93a24393
90.0,0,swe,Ralliant,Senior Embedded Software Engineer,"Ahmedabad, Gujarat",ahmedabad,0,2,0,swe,,,,adzuna,,,https://www.adzuna.in/details/5805379939?utm_medium=api&utm_source=93a24393
90.0,0,swe,Ralliant,Senior Embedded Software Engineer,"Ahmedabad, Gujarat",ahmedabad,0,2,0,swe,,,,adzuna,,,https://www.adzuna.in/details/5805830518?utm_medium=api&utm_source=93a24393
90.0,0,swe,Servicenow,Sr Staff Software Engineer,"Ahmedabad, Gujarat",ahmedabad,0,2,0,swe,,,,adzuna,,,https://www.adzuna.in/details/5796405681?utm_medium=api&utm_source=93a24393
90.0,0,swe,Radix Web,Senior Software Engineer - PHP,"Ahmedabad, Gujarat",ahmedabad,0,2,0,swe,,,,adzuna,,,https://www.adzuna.in/details/1887430216?utm_medium=api&utm_source=93a24393
90.0,0,swe,Tech Holding,Lead Software Engineer (On-Site),"Ahmedabad, Gujarat",ahmedabad,0,2,0,swe,,,,adzuna,,,https://www.adzuna.in/details/5529490476?utm_medium=api&utm_source=93a24393
90.0,0,swe,Oracle,Application Software Engineer 2,"Ahmedabad, Gujarat",ahmedabad,0,2,0,swe,,,,adzuna,,,https://www.adzuna.in/details/5851750158?utm_medium=api&utm_source=93a24393
90.0,0,swe,Artic Consulting,Software Engineer (.NET  AI),"Bodakdev, Ahmedabad",ahmedabad,0,2,0,swe,,,,adzuna,,,https://www.adzuna.in/details/5824010642?utm_medium=api&utm_source=93a24393
90.0,0,swe,Oracle,Senior Platform Software Engineer,"Ahmedabad, Gujarat",ahmedabad,0,2,0,swe,,,,adzuna,,,https://www.adzuna.in/details/5826508103?utm_medium=api&utm_source=93a24393
90.0,0,swe,Mantras2Success,Senior Software Engineer - Java,"Ahmedabad, Gujarat",ahmedabad,0,2,0,swe,,,,adzuna,,,https://www.adzuna.in/details/5727279711?utm_medium=api&utm_source=93a24393
90.0,0,swe,Anblicks Solutions,Associate Sr. Software Engineer,"Ahmedabad, Gujarat",ahmedabad,0,2,0,swe,,,,adzuna,,,https://www.adzuna.in/details/5842589861?utm_medium=api&utm_source=93a24393
90.0,0,swe,Artic Consulting,Software Engineer (.NET  AI),"Ahmedabad, Gujarat",ahmedabad,0,2,0,swe,,,,adzuna,,,https://www.adzuna.in/details/5843154694?utm_medium=api&utm_source=93a24393
90.0,0,swe,Mantras2Success,Software Engineer (TypeScript/Node.js),"Ahmedabad, Gujarat",ahmedabad,0,2,0,swe,,,,adzuna,,,https://www.adzuna.in/details/5727169435?utm_medium=api&utm_source=93a24393
90.0,0,swe,ACS Consultants,JavaScript Developer- Senior Software Engineer,"Ahmedabad, Gujarat",ahmedabad,0,2,0,swe,,,,adzuna,,,https://www.adzuna.in/details/1218547604?utm_medium=api&utm_source=93a24393
90.0,0,swe,Servicenow,Staff Software Engineer - Java Developer,"Ahmedabad, Gujarat",ahmedabad,0,2,0,swe,,,,adzuna,,,https://www.adzuna.in/details/5796405633?utm_medium=api&utm_source=93a24393
90.0,0,swe,Dhruv Corporate HR Solutions,Sr. Software Engineer c#.NET,"Ahmedabad, Gujarat",ahmedabad,0,2,0,swe,,,,adzuna,,,https://www.adzuna.in/details/5732549521?utm_medium=api&utm_source=93a24393
90.0,0,swe,Oracle,Lead Principal Application Software Engineer,"Ahmedabad, Gujarat",ahmedabad,0,2,0,swe,,,,adzuna,,,https://www.adzuna.in/details/5857602226?utm_medium=api&utm_source=93a24393
90.0,0,analyst,Inkey IT Solutions Pvt Ltd,Associate Software Engineer Power BI,"Ahmedabad, Gujarat",ahmedabad,0,2,0,analyst,,,,adzuna,,,https://www.adzuna.in/details/5805536273?utm_medium=api&utm_source=93a24393
90.0,0,swe,Codal,Senior Software Engineer - React Native,"Ahmedabad, Gujarat",ahmedabad,0,2,0,swe,,,,adzuna,,,https://www.adzuna.in/details/5801714981?utm_medium=api&utm_source=93a24393
90.0,0,swe,MM Staffing & Career Consultants,Robotics Software Engineer for a RObotics company,"Ahmedabad, Gujarat",ahmedabad,0,2,0,swe,,,,adzuna,,,https://www.adzuna.in/details/5727243469?utm_medium=api&utm_source=93a24393
90.0,0,swe,Servicenow,"Senior Software Engineer, ServiceNow(Product Operations)","Ahmedabad, Gujarat",ahmedabad,0,2,0,swe,,,,adzuna,,,https://www.adzuna.in/details/5796405632?utm_medium=api&utm_source=93a24393
90.0,0,swe,Oracle,"Senior Platform Software Engineer, Oracle Health","Ahmedabad, Gujarat",ahmedabad,0,2,0,swe,,,,adzuna,,,https://www.adzuna.in/details/5825816888?utm_medium=api&utm_source=93a24393
90.0,0,swe,Oracle,Senior Platform Software Engineer (Date Engineering),"Ahmedabad, Gujarat",ahmedabad,0,2,0,swe,,,,adzuna,,,https://www.adzuna.in/details/5826508096?utm_medium=api&utm_source=93a24393
90.0,0,swe,Artic Consulting,Senior Software Engineer (Microsoft Technologies AI),"Ahmedabad, Gujarat",ahmedabad,0,2,0,swe,,,,adzuna,,,https://www.adzuna.in/details/5858394210?utm_medium=api&utm_source=93a24393
90.0,0,swe,S&P Global,"Senior Software Engineer- Python, Data Engineer","Ahmedabad, Gujarat",ahmedabad,0,2,0,swe,,,,adzuna,,,https://www.adzuna.in/details/5859436647?utm_medium=api&utm_source=93a24393
90.0,0,swe,Speechify,"Senior Software Engineer, Core Experiences - Ahmedabad, India","Ahmedabad, Gujarat",ahmedabad,0,2,0,swe,,,,adzuna,,,https://www.adzuna.in/details/5784272310?utm_medium=api&utm_source=93a24393
90.0,0,swe,Speechify,"Senior Software Engineer, Windows/Desktop Applications - Ahmedabad, India","Ahmedabad, Gujarat",ahmedabad,0,2,0,swe,,,,adzuna,,,https://www.adzuna.in/details/5732605310?utm_medium=api&utm_source=93a24393
90.0,0,swe,KM UNOTAG,Software Development Engineer II,"Ahmedabad, Gujarat",ahmedabad,0,2,0,swe,,,,adzuna,,,https://www.adzuna.in/details/3433221903?utm_medium=api&utm_source=93a24393
90.0,0,swe,Promotup HR Solutions,Software Development Engineer Testing (SDET),"Ahmedabad, Gujarat",ahmedabad,0,2,0,swe,,,,adzuna,,,https://www.adzuna.in/details/2559981046?utm_medium=api&utm_source=93a24393
90.0,0,swe,Mantras2Success,Software Development Engineer ( SDE I/II/III),"Ahmedabad, Gujarat",ahmedabad,0,2,0,swe,,,,adzuna,,,https://www.adzuna.in/details/5727275692?utm_medium=api&utm_source=93a24393
90.0,0,swe,Macrohire,Full Stack JavaAngularPostgresql Developer,"Ahmedabad, Gujarat",ahmedabad,0,2,0,swe,,,,adzuna,,,https://www.adzuna.in/details/3317153026?utm_medium=api&utm_source=93a24393
90.0,0,swe,Bacancy Technology,Golang Developer,"Ahmedabad, Gujarat",ahmedabad,0,2,0,swe,,,,adzuna,,,https://www.adzuna.in/details/4987812621?utm_medium=api&utm_source=93a24393
90.0,0,swe,AgileEngine,Lead Application Security Engineer ID71665,"Motera, Ahmedabad",ahmedabad,0,2,0,swe,,,,adzuna,,,https://www.adzuna.in/details/5860696340?utm_medium=api&utm_source=93a24393
90.0,0,swe,AgileEngine,Senior Agentic AI Engineer ID80140,"Motera, Ahmedabad",ahmedabad,0,2,0,swe,,,,adzuna,,,https://www.adzuna.in/details/5857712935?utm_medium=api&utm_source=93a24393
90.0,0,swe,AgileEngine,Lead Agentic AI Engineer ID80141,"Motera, Ahmedabad",ahmedabad,0,2,0,swe,,,,adzuna,,,https://www.adzuna.in/details/5857712954?utm_medium=api&utm_source=93a24393
90.0,0,swe,Simform Solutions,Ruby on Rails Developer,"Ahmedabad, Gujarat",ahmedabad,0,2,0,swe,,,,adzuna,,,https://www.adzuna.in/details/1206824388?utm_medium=api&utm_source=93a24393
90.0,0,swe,Glide,Engineer â Embedded Software,"Ahmedabad, Gujarat",ahmedabad,0,2,0,swe,,,,adzuna,,,https://www.adzuna.in/details/5712485249?utm_medium=api&utm_source=93a24393
90.0,0,swe,MobileFirst Applications Private Limited,Angular Developer,"Ahmedabad, Gujarat",ahmedabad,0,2,0,swe,,,,adzuna,,,https://www.adzuna.in/details/2346068993?utm_medium=api&utm_source=93a24393
90.0,0,swe,Isport Technologies,Frontend/Fullstack developer (React),"Ahmedabad, Gujarat",ahmedabad,1,2,0,swe,,,,adzuna,,,https://www.adzuna.in/details/3463406797?utm_medium=api&utm_source=93a24393
90.0,0,swe,Isport Technologies,.NET Developer,"Ahmedabad, Gujarat",ahmedabad,1,2,0,swe,,,,adzuna,,,https://www.adzuna.in/details/3463406794?utm_medium=api&utm_source=93a24393
90.0,0,swe,Jobdost,Senior Nodejs Engineer (Backend),"Ahmedabad, Gujarat",ahmedabad,0,2,0,swe,,,,adzuna,,,https://www.adzuna.in/details/5039639920?utm_medium=api&utm_source=93a24393
90.0,0,swe,Isparrow Services private limited,Java Developer,"Ahmedabad, Gujarat",ahmedabad,0,2,0,swe,,,,adzuna,,,https://www.adzuna.in/details/2566774953?utm_medium=api&utm_source=93a24393
90.0,0,swe,Simform,ReactJS Developer,"Ahmedabad, Gujarat",ahmedabad,0,2,0,swe,,,,adzuna,,,https://www.adzuna.in/details/5075757565?utm_medium=api&utm_source=93a24393
90.0,0,swe,IQ INFINITE TECHNOLOGIES,PHP Developer,"Ahmedabad, Gujarat",ahmedabad,0,2,0,swe,,,,adzuna,,,https://www.adzuna.in/details/4060061685?utm_medium=api&utm_source=93a24393
90.0,0,swe,Zybra,Senior PHP Developer,"Ahmedabad, Gujarat",ahmedabad,0,2,0,swe,,,,adzuna,,,https://www.adzuna.in/details/1171509561?utm_medium=api&utm_source=93a24393
90.0,0,swe,,Angular Developer,"Ahmedabad, Gujarat",ahmedabad,0,2,0,swe,,,,adzuna,,,https://www.adzuna.in/details/4686700511?utm_medium=api&utm_source=93a24393
90.0,0,swe,Adani,Head - Data & AI,"Ahmedabad, Gujarat",ahmedabad,0,2,0,swe,,,,adzuna,,,https://www.adzuna.in/details/5807490777?utm_medium=api&utm_source=93a24393
90.0,0,swe,AgileEngine,Senior Site Reliability Engineer ID81653,"Motera, Ahmedabad",ahmedabad,0,2,0,swe,,,,adzuna,,,https://www.adzuna.in/details/5847084604?utm_medium=api&utm_source=93a24393
90.0,0,swe,YipitData,Senior Backend Engineer,"Ahmedabad, Gujarat",ahmedabad,0,2,0,swe,,,,adzuna,,,https://www.adzuna.in/details/5787612046?utm_medium=api&utm_source=93a24393
90.0,0,swe,Technocruitx universal services pvt ltd,Senior Laravel Developer,"Ahmedabad, Gujarat",ahmedabad,0,2,0,swe,,,,adzuna,,,https://www.adzuna.in/details/3262154819?utm_medium=api&utm_source=93a24393
90.0,0,swe,Right Advisors,Jr/Sr Fullsatck - React.js,"Ahmedabad, Gujarat",ahmedabad,0,2,0,swe,,,,adzuna,,,https://www.adzuna.in/details/5788375494?utm_medium=api&utm_source=93a24393
90.0,0,swe,Mantras2Success,Lead Full Stack Developer (GO & REACT ),"Ahmedabad, Gujarat",ahmedabad,0,2,0,swe,,,,adzuna,,,https://www.adzuna.in/details/5728397874?utm_medium=api&utm_source=93a24393
90.0,0,swe,SmartBear,Solutions Engineer - Bugsnag,"Ahmedabad, Gujarat",ahmedabad,0,2,0,swe,,,,adzuna,,,https://www.adzuna.in/details/5841918828?utm_medium=api&utm_source=93a24393
90.0,0,swe,Oracle,"Software Developer 3, Oracle Health","Ahmedabad, Gujarat",ahmedabad,0,2,0,swe,,,,adzuna,,,https://www.adzuna.in/details/5825577514?utm_medium=api&utm_source=93a24393
90.0,0,swe,Mantras2Success,Senior Full Stack Developer ( Frontend heavy (React  TypeScript)),"Ahmedabad, Gujarat",ahmedabad,0,2,0,swe,,,,adzuna,,,https://www.adzuna.in/details/5727150574?utm_medium=api&utm_source=93a24393
90.0,0,swe,Pixster Studio,Hiring iOS Developer,"Ahmedabad, Gujarat",ahmedabad,0,2,0,swe,,,,adzuna,,,https://www.adzuna.in/details/3087302247?utm_medium=api&utm_source=93a24393
90.0,0,swe,Oracle,"Architect, Networking - IDC","Ahmedabad, Gujarat",ahmedabad,0,2,0,swe,,,,adzuna,,,https://www.adzuna.in/details/5832197210?utm_medium=api&utm_source=93a24393
90.0,0,swe,Upright,Sr Backend Developer,"Ahmedabad, Gujarat",ahmedabad,0,2,0,swe,,,,adzuna,,,https://www.adzuna.in/details/1155089387?utm_medium=api&utm_source=93a24393
90.0,0,swe,S&P Global,"Senior Software Engineer- Python, Data Engineer","Ahmedabad, Gujarat",ahmedabad,0,2,0,swe,,,,adzuna,,,https://www.adzuna.in/land/ad/5857982620?se=KAH825Ok8RGEeLI7Dotn4Q&utm_medium=api&utm_source=93a24393&v=C23207572509CD6B8B5F2A54EF31BBFA4E2CFC82
90.0,0,swe,Vagaro,Full Stack Engineer (AI-First),"Ahmedabad, Gujarat, India",ahmedabad,0,2,0,swe,,,,jobspy:linkedin,,,https://www.linkedin.com/jobs/view/4410199957
90.0,0,swe,Infilon Technologies Pvt ltd,.Net Developer (Immediate Joiner) | Ahmedabad,"Ahmedabad, Gujarat, India",ahmedabad,0,2,0,swe,,,,jobspy:linkedin,,,https://www.linkedin.com/jobs/view/4458459411
90.0,0,swe,Qualitrol,Senior Embedded Software Engineer,"Ahmedabad, Gujarat, India",ahmedabad,0,2,0,swe,,,,jobspy:linkedin,,,https://www.linkedin.com/jobs/view/4441470205
90.0,0,swe,Oracle,Software Developer 3,"Ahmedabad, Gujarat, India",ahmedabad,0,2,0,swe,,,,jobspy:linkedin,,,https://www.linkedin.com/jobs/view/4448757857
90.0,0,swe,DIGI - MAA,Shopify Developer,"Ahmedabad, Gujarat, India",ahmedabad,0,2,0,swe,,,,jobspy:linkedin,,,https://www.linkedin.com/jobs/view/4458831484
70.0,0,analyst,,Businees Analyst,"Ahmedabad, Gujarat",ahmedabad,1,4,0,analyst,,,,adzuna,,,https://www.adzuna.in/details/4686700335?utm_medium=api&utm_source=93a24393
70.0,0,swe,Esyasoft Technologies Private Limited,Senior Software Engineer - Mendix Developer,"Raikhad, Ahmedabad",ahmedabad,2,5,0,swe,,,,adzuna,,,https://www.adzuna.in/details/5826772672?utm_medium=api&utm_source=93a24393
70.0,0,swe,GetOnCRM Solutions Inc,Salesforce developer,"Ahmedabad, Gujarat",ahmedabad,2,4,0,swe,,,,adzuna,,,https://www.adzuna.in/details/5775746110?utm_medium=api&utm_source=93a24393
70.0,0,swe,MNR Solutions,Software Engineer - Model Based Development,"Ahmedabad, Gujarat",ahmedabad,1,3,0,swe,,,,adzuna,,,https://www.adzuna.in/details/1719091459?utm_medium=api&utm_source=93a24393
70.0,0,swe,i2TECHS,NodeJS Developer,"Ahmedabad, Gujarat",ahmedabad,1,3,0,swe,,,,adzuna,,,https://www.adzuna.in/details/2388844840?utm_medium=api&utm_source=93a24393
60.0,0,swe,Salesforge,Senior Backend Engineer Build AI Agents,Remote,remote,0,2,0,swe,,,,remoteok,,,https://remoteOK.com/remote-jobs/remote-senior-backend-engineer-build-ai-agents-salesforge-1137114
60.0,0,swe,Kruger NearShore LLC - Rekluti,DESARROLLADOR FULL STACK,Remote,remote,0,2,0,swe,,,,remoteok,,,https://remoteOK.com/remote-jobs/remote-desarrollador-full-stack-kruger-nearshore-llc-rekluti-1137062
60.0,0,swe,Sticker Mule,Software engineer,Remote,remote,0,2,0,swe,,,,weworkremotely,,,https://weworkremotely.com/remote-jobs/sticker-mule-software-engineer-3
60.0,0,swe,Toptal,Tech Lead - Manufacturing Data & AI Platforms - Global Pharmaceutical Company,Remote,remote,0,2,0,swe,,,,weworkremotely,,,https://weworkremotely.com/remote-jobs/toptal-tech-lead-manufacturing-data-ai-platforms-global-pharmaceutical-company
60.0,0,swe,Wonderdog,Full-Stack Product Engineer - Agentic First,Remote,remote,0,2,0,swe,,,,weworkremotely,,,https://weworkremotely.com/remote-jobs/wonderdog-full-stack-product-engineer-agentic-first
60.0,0,swe,Lattice,"Engineering Manager, AI",Remote,remote,0,2,0,swe,,,,weworkremotely,,,https://weworkremotely.com/remote-jobs/lattice-engineering-manager-ai-1
60.0,0,swe,Lattice,"Engineering Manager, AI",Remote,remote,0,2,0,swe,,,,weworkremotely,,,https://weworkremotely.com/remote-jobs/lattice-engineering-manager-ai
60.0,0,swe,A.Team,Senior Independent AI Engineer / Architect,Remote,remote,0,2,0,swe,,,,weworkremotely,,,https://weworkremotely.com/remote-jobs/a-team-senior-independent-ai-engineer-architect
60.0,0,swe,A.Team,Senior Independent Software Developer ($90-$170/hr),Remote,remote,0,2,0,swe,,,,weworkremotely,,,https://weworkremotely.com/remote-jobs/a-team-senior-independent-software-developer-90-170-hr
60.0,0,swe,Yooli,FULL TIME: Software Engineer Position - React and Rest,Remote,remote,0,2,0,swe,,,,weworkremotely,,,https://weworkremotely.com/remote-jobs/yooli-full-time-software-engineer-position-react-and-rest-1
60.0,0,swe,Charles Technology Africa,Web Developer,Remote,remote,0,2,0,swe,,,,weworkremotely,,,https://weworkremotely.com/remote-jobs/charles-technology-africa-web-developer
60.0,0,swe,LMG Staffing Solutions,"AI-Assisted Software Engineer, Web Applications",Remote,remote,0,2,0,swe,,,,weworkremotely,,,https://weworkremotely.com/remote-jobs/lmg-staffing-solutions-ai-assisted-software-engineer-web-applications
60.0,0,swe,Faire,Senior Staff Data Engineer - Platform Data and Analytics,Remote,remote,0,2,0,swe,,,,weworkremotely,,,https://weworkremotely.com/remote-jobs/faire-senior-staff-data-engineer-platform-data-and-analytics
60.0,0,analyst,Doximity,"Data Analyst, Reporting Partnerships",Remote,remote,0,2,0,analyst,,,,weworkremotely,,,https://weworkremotely.com/remote-jobs/doximity-data-analyst-reporting-partnerships
60.0,0,analyst,,MIS Executive,"Remote, IN",remote,1,2,0,analyst,,,,jobspy:indeed,,,https://in.indeed.com/viewjob?jk=4093bf20119fd761
60.0,0,analyst,turing,Remote Business Analyst,"Remote, IN",remote,0,2,0,analyst,,,,jobspy:indeed,,,https://in.indeed.com/viewjob?jk=0a1e2ebec17d0c91
60.0,0,swe,GAO Tek Inc,Tech Support Staff,"Remote, IN",remote,0,1,0,swe,,,,jobspy:indeed,,,https://in.indeed.com/viewjob?jk=faf1e5b8dfd35d9f
60.0,0,swe,,Junior Software Developer,"Remote, IN",remote,0,2,0,swe,,,,jobspy:indeed,,,https://in.indeed.com/viewjob?jk=5625dd9be43b2ae5
60.0,0,swe,Novasource Enterprise,ERPNext Support & Implementation Associate,"Remote, IN",remote,0,2,0,swe,,,,jobspy:indeed,,,https://in.indeed.com/viewjob?jk=e92a88a28a404521
60.0,0,swe,,Software Engineer,"Remote, IN",remote,0,2,0,swe,,,,jobspy:indeed,,,https://in.indeed.com/viewjob?jk=1a4920364cfc0899
60.0,0,swe,,Software Solutions Engineer – AI Systems,"Remote, IN",remote,0,2,0,swe,,,,jobspy:indeed,,,https://in.indeed.com/viewjob?jk=b3b753c2ad039472
50.0,0,analyst,Standard Chartered Bank,Business Analyst,"Bangalore, Karnataka",india_other,0,2,0,analyst,,,,adzuna,,,https://www.adzuna.in/land/ad/5859662662?se=HhJr2ZOk8RG2ZOdGta1BAA&utm_medium=api&utm_source=93a24393&v=5F8E98C35FE17B8AA72E0FC7DEEF1A416AE1556F
50.0,0,analyst,Capco,Business Analyst,India,india_other,0,2,0,analyst,,,,adzuna,,,https://www.adzuna.in/land/ad/5837139386?se=HhJr2ZOk8RG2ZOdGta1BAA&utm_medium=api&utm_source=93a24393&v=E3DCC2DBFE4E6A7A1CEDD56C704AE19E69B379A7
50.0,0,analyst,Capco,Business Analyst - Liquidity,India,india_other,0,2,0,analyst,,,,adzuna,,,https://www.adzuna.in/land/ad/5838614313?se=HhJr2ZOk8RG2ZOdGta1BAA&utm_medium=api&utm_source=93a24393&v=5D952B1C2165B4F64537AFBA8F777EC4BC45A071
50.0,0,analyst,Standard Chartered Bank,Fraud Business Analyst,"Bangalore, Karnataka",india_other,0,2,0,analyst,,,,adzuna,,,https://www.adzuna.in/land/ad/5837139231?se=HhJr2ZOk8RG2ZOdGta1BAA&utm_medium=api&utm_source=93a24393&v=9EB7DB70AEB7AAC9053AABE30A9302B57160D866
50.0,0,analyst,ABB,CFIN Business Analyst,"Bangalore, Karnataka",india_other,0,2,0,analyst,,,,adzuna,,,https://www.adzuna.in/land/ad/5830301732?se=HhJr2ZOk8RG2ZOdGta1BAA&utm_medium=api&utm_source=93a24393&v=AA0E18E60AE6F3A844DDAE31FA46313BFA53CA33
50.0,0,analyst,Capco,Business Analyst_Basel,India,india_other,0,2,0,analyst,,,,adzuna,,,https://www.adzuna.in/land/ad/5837139692?se=HhJr2ZOk8RG2ZOdGta1BAA&utm_medium=api&utm_source=93a24393&v=F5E0A0664729AF9681D085F988CD8DAF99AE0327
50.0,0,analyst,Standard Chartered Bank,"Business Analyst, Subledger Change","Chennai, Tamil Nadu",india_other,0,2,0,analyst,,,,adzuna,,,https://www.adzuna.in/land/ad/5842115043?se=HhJr2ZOk8RG2ZOdGta1BAA&utm_medium=api&utm_source=93a24393&v=CB41CADBEFA7A10F63F372BC45DE44AB09879D32
50.0,0,analyst,Capco,Business Analyst / Product Owner,"Chennai, Tamil Nadu",india_other,0,2,0,analyst,,,,adzuna,,,https://www.adzuna.in/land/ad/5857982662?se=HhJr2ZOk8RG2ZOdGta1BAA&utm_medium=api&utm_source=93a24393&v=E6F707E9F9FE4DCFAB714B02C6A59C6E8413C127
50.0,0,analyst,MSD,"Specialist, ServiceNow Business Analyst","Hyderabad, Telangana",india_other,0,2,0,analyst,,,,adzuna,,,https://www.adzuna.in/land/ad/5857982535?se=HhJr2ZOk8RG2ZOdGta1BAA&utm_medium=api&utm_source=93a24393&v=0905440A2349F5D693B5F4F3D27D0CFFEF0A64BF
50.0,0,analyst,Novartis,"Business Analyst, Content Enablement",India,india_other,0,2,0,analyst,,,,adzuna,,,https://www.adzuna.in/land/ad/5815611056?se=HhJr2ZOk8RG2ZOdGta1BAA&utm_medium=api&utm_source=93a24393&v=397DE29BB585DACB89502F7664565DD97346859B
50.0,0,analyst,Standard Chartered Bank,"Business Analyst, Subledger Change","Chennai, Tamil Nadu",india_other,0,2,0,analyst,,,,adzuna,,,https://www.adzuna.in/land/ad/5840277311?se=HhJr2ZOk8RG2ZOdGta1BAA&utm_medium=api&utm_source=93a24393&v=7820AD10C96769A4B6AB59A0CD613D907B30EBF2
50.0,0,analyst,MSD,"Sr. Spclst, Data Business Analyst","Hyderabad, Telangana",india_other,0,2,0,analyst,,,,adzuna,,,https://www.adzuna.in/land/ad/5855429390?se=HhJr2ZOk8RG2ZOdGta1BAA&utm_medium=api&utm_source=93a24393&v=03377EAFCD46DF1B677B73A508CB825985E03903
50.0,0,analyst,Capco,Business Analyst - Custody & Trade Processing,"Bangalore, Karnataka",india_other,0,2,0,analyst,,,,adzuna,,,https://www.adzuna.in/land/ad/5837139464?se=HhJr2ZOk8RG2ZOdGta1BAA&utm_medium=api&utm_source=93a24393&v=9B873E0CCC9FF124D27EC6C97E233569129CE6C0
50.0,0,analyst,Reckitt,"IT&D Business Analyst, Quality","Hyderabad, Telangana",india_other,0,2,0,analyst,,,,adzuna,,,https://www.adzuna.in/land/ad/5837139807?se=HhJr2ZOk8RG2ZOdGta1BAA&utm_medium=api&utm_source=93a24393&v=3D96E7E9267B37E23061552F67DF328CDBCB8E91
50.0,0,analyst,Invesco,Sr. Business Analyst - Change Management,"Hyderabad, Telangana",india_other,0,2,0,analyst,,,,adzuna,,,https://www.adzuna.in/land/ad/5809380560?se=HhJr2ZOk8RG2ZOdGta1BAA&utm_medium=api&utm_source=93a24393&v=00FA745C9BFF72E03F8565053777597E4114B25A
50.0,0,analyst,Capco,Nostro Risk Reporting Business Analyst,"Chennai, Tamil Nadu",india_other,0,2,0,analyst,,,,adzuna,,,https://www.adzuna.in/land/ad/5837139548?se=HhJr2ZOk8RG2ZOdGta1BAA&utm_medium=api&utm_source=93a24393&v=FE0B40EBBB5BC83F91C643296839DDB9E52E3E17
50.0,0,analyst,Capco,Business Analyst – Cash Management & Intraday Liquidity,India,india_other,0,2,0,analyst,,,,adzuna,,,https://www.adzuna.in/land/ad/5837139481?se=HhJr2ZOk8RG2ZOdGta1BAA&utm_medium=api&utm_source=93a24393&v=9164B7D4E7E10EA6F7B9DAEA6492B89AEE051E14
50.0,0,analyst,Novartis,"Manager, Business Analyst, MarTech Product Management",India,india_other,0,2,0,analyst,,,,adzuna,,,https://www.adzuna.in/land/ad/5855429396?se=HhJr2ZOk8RG2ZOdGta1BAA&utm_medium=api&utm_source=93a24393&v=16BD27891C89AEB00FC010B238ECAA28163A77CD
50.0,0,analyst,Capco,Business Analyst-Third Party Risk Management,"Bangalore, Karnataka",india_other,0,2,0,analyst,,,,adzuna,,,https://www.adzuna.in/land/ad/5837139914?se=HhJr2ZOk8RG2ZOdGta1BAA&utm_medium=api&utm_source=93a24393&v=D0881E74DD6EF225270AA28AF3565E757E8267A3
50.0,0,analyst,Deutsche Bank,"Business Analyst/AI Translator, Credit Risk","Mumbai, Maharashtra",india_other,0,2,0,analyst,,,,adzuna,,,https://www.adzuna.in/land/ad/5860300765?se=HhJr2ZOk8RG2ZOdGta1BAA&utm_medium=api&utm_source=93a24393&v=5098E8A57654FBAA2CC69FE6295671A3B98E8257
50.0,0,analyst,Capco,BFA Senior Business Analyst (Change Management),India,india_other,0,2,0,analyst,,,,adzuna,,,https://www.adzuna.in/land/ad/5837139767?se=HhJr2ZOk8RG2ZOdGta1BAA&utm_medium=api&utm_source=93a24393&v=1388DDB5D5FA800FA3C94F4BF6C85207DFF92CF3
50.0,0,analyst,Deutsche Bank,"Senior Business Analyst/AI Translator, CRO","Mumbai, Maharashtra",india_other,0,2,0,analyst,,,,adzuna,,,https://www.adzuna.in/land/ad/5860300740?se=HhJr2ZOk8RG2ZOdGta1BAA&utm_medium=api&utm_source=93a24393&v=E49EB09D9298AED81D8B5B90A007F447374BFDFA
50.0,0,analyst,MSD,"Senior Specialist, Lab Execution System, Business Analyst","Hyderabad, Telangana",india_other,0,2,0,analyst,,,,adzuna,,,https://www.adzuna.in/land/ad/5855429344?se=HhJr2ZOk8RG2ZOdGta1BAA&utm_medium=api&utm_source=93a24393&v=4064BD8B3BEBFD9F4EA93215133961FF9C6E3A0D
50.0,0,analyst,Reckitt,IT&D Senior Business Analyst - Genesis Procurement,"Hyderabad, Telangana",india_other,0,2,0,analyst,,,,adzuna,,,https://www.adzuna.in/land/ad/5837139823?se=HhJr2ZOk8RG2ZOdGta1BAA&utm_medium=api&utm_source=93a24393&v=E235392770EDD9E2B0BEB7DD50D3CD0B7DE4F1D4
50.0,0,analyst,Capco,Business Data Analyst,India,india_other,0,2,0,analyst,,,,adzuna,,,https://www.adzuna.in/land/ad/5837139431?se=HhJr2ZOk8RG2ZOdGta1BAA&utm_medium=api&utm_source=93a24393&v=9F2281852FD004BE4D0EAD9279FE898C7B3E11ED
50.0,0,analyst,Capco,Senior Business Analysis - Sr Business Analyst - BNPP - Paribas,"Bangalore, Karnataka",india_other,0,2,0,analyst,,,,adzuna,,,https://www.adzuna.in/land/ad/5857251124?se=HhJr2ZOk8RG2ZOdGta1BAA&utm_medium=api&utm_source=93a24393&v=2BDA6E1E87A7D7EDE3952410F9E14A4AB2AA5A62
50.0,0,analyst,Deutsche Bank,"Project & Change Lead – Business Analyst/Project Manager, AVP","Mumbai, Maharashtra",india_other,0,2,0,analyst,,,,adzuna,,,https://www.adzuna.in/land/ad/5846723391?se=HhJr2ZOk8RG2ZOdGta1BAA&utm_medium=api&utm_source=93a24393&v=24650F9F441F0DA328596550392B38511B7AF478
50.0,0,analyst,Deutsche Bank,"Project & Change Lead – Business Analyst/Project Manager, AVP","Mumbai, Maharashtra",india_other,0,2,0,analyst,,,,adzuna,,,https://www.adzuna.in/land/ad/5860300789?se=HhJr2ZOk8RG2ZOdGta1BAA&utm_medium=api&utm_source=93a24393&v=1C1ABFD9D46439949C0EBD2EF9122A4F14817D3E
50.0,0,analyst,MSD,"Specialist, Business Analyst – Content Workflow & Platform Enablement (Adobe Workfront)","Hyderabad, Telangana",india_other,0,2,0,analyst,,,,adzuna,,,https://www.adzuna.in/land/ad/5785772661?se=HhJr2ZOk8RG2ZOdGta1BAA&utm_medium=api&utm_source=93a24393&v=18B5F48C8547E86F836256A6E256C87D0313E3BA
50.0,0,analyst,Capco,BA Market Risk,India,india_other,0,2,0,analyst,,,,adzuna,,,https://www.adzuna.in/land/ad/5837139638?se=HhJr2ZOk8RG2ZOdGta1BAA&utm_medium=api&utm_source=93a24393&v=9C83D61A92EF4F91795C01C5C143B5045C6EC5C0
50.0,0,analyst,Capco,Corporate Actions,India,india_other,0,2,0,analyst,,,,adzuna,,,https://www.adzuna.in/land/ad/5837139460?se=HhJr2ZOk8RG2ZOdGta1BAA&utm_medium=api&utm_source=93a24393&v=F9D75DE94F8D7E4253DA5E528CC0F4F76B63B107
50.0,0,analyst,Capco,Liquidity - Design Analyst,India,india_other,0,2,0,analyst,,,,adzuna,,,https://www.adzuna.in/land/ad/5837139625?se=HhJr2ZOk8RG2ZOdGta1BAA&utm_medium=api&utm_source=93a24393&v=4512448BB1CAA607C8FADF9953897FB2699D9547
50.0,0,analyst,Blue Spire Inc,Calypso BA,"Hyderabad, Telangana",india_other,0,2,0,analyst,,,,adzuna,,,https://www.adzuna.in/land/ad/5857213368?se=HhJr2ZOk8RG2ZOdGta1BAA&utm_medium=api&utm_source=93a24393&v=AABD46C8549593FFEA8E982018B432D115904041
50.0,0,analyst,Capco,Product Manager,"Bangalore, Karnataka",india_other,0,2,0,analyst,,,,adzuna,,,https://www.adzuna.in/land/ad/5837139383?se=HhJr2ZOk8RG2ZOdGta1BAA&utm_medium=api&utm_source=93a24393&v=B59C2764E993F20F6D103EFED86F1CBDA506836F
50.0,0,analyst,Capco,Financial Analyst,"Mumbai, Maharashtra",india_other,0,2,0,analyst,,,,adzuna,,,https://www.adzuna.in/land/ad/5838614311?se=HhJr2ZOk8RG2ZOdGta1BAA&utm_medium=api&utm_source=93a24393&v=5F0717BD1E210C6183396BDE1FCB720DB8AB4DB1
50.0,0,analyst,Capco,BA -Capital Market - Bangalore,"Bangalore, Karnataka",india_other,0,2,0,analyst,,,,adzuna,,,https://www.adzuna.in/land/ad/5837139372?se=HhJr2ZOk8RG2ZOdGta1BAA&utm_medium=api&utm_source=93a24393&v=6AEF408EF496944EC4C39A07105E9A4A40175640
50.0,0,swe,Standard Chartered Bank,"Python,Pyspark Developer","Chennai, Tamil Nadu",india_other,0,2,0,swe,,,,adzuna,,,https://www.adzuna.in/land/ad/5838614354?se=3PoE2pOk8RG2ZOdGta1BAA&utm_medium=api&utm_source=93a24393&v=D858A921C019FF4500601B463284BEC6CC089FD8
50.0,0,analyst,CODEMONK,Business Analyst,India,india_other,0,2,0,analyst,,,,adzuna,,,https://www.adzuna.in/details/5836227791?utm_medium=api&utm_source=93a24393
50.0,0,analyst,Innefu Labs Limited,Business Analyst,"Maurya Enclave, North West Delhi",india_other,0,2,0,analyst,,,,adzuna,,,https://www.adzuna.in/details/5826772660?utm_medium=api&utm_source=93a24393
50.0,0,analyst,Masai,Business Analyst,"Bangalore, Karnataka",india_other,0,2,0,analyst,,,,adzuna,,,https://www.adzuna.in/details/5847641034?utm_medium=api&utm_source=93a24393
50.0,0,analyst,Infotel UK,Business Analyst,India,india_other,0,2,0,analyst,,,,adzuna,,,https://www.adzuna.in/details/5758364393?utm_medium=api&utm_source=93a24393
50.0,0,analyst,"Opalforce, Inc.",Business Analyst,"Bangalore, Karnataka",india_other,0,2,0,analyst,,,,adzuna,,,https://www.adzuna.in/details/4725867393?utm_medium=api&utm_source=93a24393
50.0,0,analyst,Arena Investors I Quaestor Advisors,Business Analyst,India,india_other,0,2,0,analyst,,,,adzuna,,,https://www.adzuna.in/details/5849257585?utm_medium=api&utm_source=93a24393
50.0,0,analyst,Trigent Software Private Limited,Business Analyst,India,india_other,0,2,0,analyst,,,,adzuna,,,https://www.adzuna.in/details/5851409035?utm_medium=api&utm_source=93a24393
50.0,0,analyst,Lincode Labs India Pvt Ltd,Business Analyst,"Bangalore, Karnataka",india_other,0,2,0,analyst,,,,adzuna,,,https://www.adzuna.in/details/1509166858?utm_medium=api&utm_source=93a24393
50.0,0,analyst,NewVison,Business Analyst,India,india_other,0,2,0,analyst,,,,adzuna,,,https://www.adzuna.in/details/5846909378?utm_medium=api&utm_source=93a24393
50.0,0,analyst,xyz,Business Analyst,"Tamil Nadu, India",india_other,0,2,0,analyst,,,,adzuna,,,https://www.adzuna.in/details/4801532684?utm_medium=api&utm_source=93a24393
50.0,0,analyst,Happiest Resume,Business Analyst,"Mumbai, Maharashtra",india_other,0,2,0,analyst,,,,adzuna,,,https://www.adzuna.in/details/5828879931?utm_medium=api&utm_source=93a24393
50.0,0,analyst,Wissen Technology,Business Analyst,"Hyderabad, Telangana",india_other,0,2,0,analyst,,,,adzuna,,,https://www.adzuna.in/details/5337950212?utm_medium=api&utm_source=93a24393
50.0,0,analyst,PopcornApps,Business Analyst,"Hyderabad, Telangana",india_other,0,2,0,analyst,,,,adzuna,,,https://www.adzuna.in/details/3166190744?utm_medium=api&utm_source=93a24393
50.0,0,analyst,Sole Point,Business Analyst,"Gujarat, India",india_other,0,2,0,analyst,,,,adzuna,,,https://www.adzuna.in/details/5781956187?utm_medium=api&utm_source=93a24393
50.0,0,analyst,Presidency University,Business Analyst,"Bangalore, Karnataka",india_other,0,2,0,analyst,,,,adzuna,,,https://www.adzuna.in/details/1788701062?utm_medium=api&utm_source=93a24393
50.0,0,analyst,Qualitykiosk Technologies Private Limited,Business Analyst,"Mumbai, Maharashtra",india_other,0,2,0,analyst,,,,adzuna,,,https://www.adzuna.in/details/5794934960?utm_medium=api&utm_source=93a24393
50.0,0,analyst,In Touch,Business Analyst,"Hyderabad, Telangana",india_other,0,2,0,analyst,,,,adzuna,,,https://www.adzuna.in/details/5830599367?utm_medium=api&utm_source=93a24393
50.0,0,analyst,Ebizz Infotech,Business Analyst,"Surat, Gujarat",india_other,0,2,0,analyst,,,,adzuna,,,https://www.adzuna.in/details/3900854302?utm_medium=api&utm_source=93a24393
50.0,0,analyst,Mithra Global,Business Analyst,"Mumbai, Maharashtra",india_other,0,2,0,analyst,,,,adzuna,,,https://www.adzuna.in/details/3710148607?utm_medium=api&utm_source=93a24393
50.0,0,analyst,MM Staffing & Career Consultants,Business Analyst,"Bangalore, Karnataka",india_other,0,2,0,analyst,,,,adzuna,,,https://www.adzuna.in/details/5727082142?utm_medium=api&utm_source=93a24393
50.0,0,analyst,Vision Infotech,Business Analyst,"Surat, Gujarat",india_other,0,2,0,analyst,,,,adzuna,,,https://www.adzuna.in/details/5503836817?utm_medium=api&utm_source=93a24393
50.0,0,analyst,Redfoxa Careerlink Pvt Ltd,Business Analyst,"Bangalore, Karnataka",india_other,0,1,0,analyst,,,,adzuna,,,https://www.adzuna.in/details/5719182260?utm_medium=api&utm_source=93a24393
50.0,0,analyst,Money Honey Financial Services Private Limited,Business Analysts,"Mumbai, Maharashtra",india_other,0,2,0,analyst,,,,adzuna,,,https://www.adzuna.in/details/4755979420?utm_medium=api&utm_source=93a24393
50.0,0,analyst,Sigma Infosolutions,Business Analyst,"Bangalore, Karnataka",india_other,0,2,0,analyst,,,,adzuna,,,https://www.adzuna.in/details/3266737478?utm_medium=api&utm_source=93a24393
50.0,0,analyst,Exioms Technology,Business Analyst,"Pune, Maharashtra",india_other,0,2,0,analyst,,,,adzuna,,,https://www.adzuna.in/details/5806704101?utm_medium=api&utm_source=93a24393
50.0,0,analyst,IDFC FIRST Bank,Business Analyst,"Mumbai, Maharashtra",india_other,0,2,0,analyst,,,,adzuna,,,https://www.adzuna.in/details/5842051499?utm_medium=api&utm_source=93a24393
50.0,0,analyst,COTIVITI,Business Analyst,"Pune, Maharashtra",india_other,0,2,0,analyst,,,,adzuna,,,https://www.adzuna.in/details/5861795571?utm_medium=api&utm_source=93a24393
50.0,0,analyst,Coditas Technologies,Business Analyst,"Pune, Maharashtra",india_other,0,2,0,analyst,,,,adzuna,,,https://www.adzuna.in/details/5832798246?utm_medium=api&utm_source=93a24393
50.0,0,analyst,Aeries Technology,Business Analyst,"Bangalore, Karnataka",india_other,0,2,0,analyst,,,,adzuna,,,https://www.adzuna.in/details/5796404549?utm_medium=api&utm_source=93a24393
50.0,0,analyst,NeoGenCode Technologies Pvt Ltd,Business Analyst,India,india_other,0,2,0,analyst,,,,adzuna,,,https://www.adzuna.in/details/5255506980?utm_medium=api&utm_source=93a24393
50.0,0,analyst,InTouch CX,Business Analyst,"Hyderabad, Telangana",india_other,0,2,0,analyst,,,,adzuna,,,https://www.adzuna.in/details/5758900366?utm_medium=api&utm_source=93a24393
50.0,0,analyst,ONIT,Business Analyst,"Pune, Maharashtra",india_other,0,2,0,analyst,,,,adzuna,,,https://www.adzuna.in/details/5829887321?utm_medium=api&utm_source=93a24393
50.0,0,analyst,MM Staffing & Career Consultants,Business Analyst,"Bangalore, Karnataka",india_other,0,2,0,analyst,,,,adzuna,,,https://www.adzuna.in/details/5727133034?utm_medium=api&utm_source=93a24393
50.0,0,analyst,Capco,Senior Data Analyst,India,india_other,0,2,0,analyst,,,,adzuna,,,https://www.adzuna.in/land/ad/5837139892?se=9N6A2pOk8RG2ZOdGta1BAA&utm_medium=api&utm_source=93a24393&v=4787DEB72117F1E1AE98E353D8AD9B20E9DD6C9B
50.0,0,analyst,Capco,Business Data Analyst,India,india_other,0,2,0,analyst,,,,adzuna,,,https://www.adzuna.in/land/ad/5837139431?se=9N6A2pOk8RG2ZOdGta1BAA&utm_medium=api&utm_source=93a24393&v=9F2281852FD004BE4D0EAD9279FE898C7B3E11ED
50.0,0,analyst,Kyndryl,Data Analyst / Engineer,"Bangalore, Karnataka",india_other,0,2,0,analyst,,,,adzuna,,,https://www.adzuna.in/land/ad/5855007053?se=9N6A2pOk8RG2ZOdGta1BAA&utm_medium=api&utm_source=93a24393&v=987DAA3F2A13BDCC295A40B49D687ABE3F6B00F5
50.0,0,analyst,S&P Global,Data Analyst- Geology,"Bangalore, Karnataka",india_other,0,2,0,analyst,,,,adzuna,,,https://www.adzuna.in/land/ad/5859662577?se=9N6A2pOk8RG2ZOdGta1BAA&utm_medium=api&utm_source=93a24393&v=16E84E5C9812DC7D6DE8F384F3B7FEB570FFD3C3
50.0,0,analyst,Capco,Liquidity - Data Analyst,India,india_other,0,2,0,analyst,,,,adzuna,,,https://www.adzuna.in/land/ad/5837139895?se=9N6A2pOk8RG2ZOdGta1BAA&utm_medium=api&utm_source=93a24393&v=79B2AB8CAF9701F61DCB4DE422AE3B158EB7D1F2
50.0,0,analyst,Capco,Data Analyst - Data Remediation - Mumbai,"Mumbai, Maharashtra",india_other,0,2,0,analyst,,,,adzuna,,,https://www.adzuna.in/land/ad/5857251181?se=9N6A2pOk8RG2ZOdGta1BAA&utm_medium=api&utm_source=93a24393&v=E627D12D3B0555AB7B69176F505B871F5F83ABC5
50.0,0,analyst,Capco,Liquidity Reporting- data analyst,India,india_other,0,2,0,analyst,,,,adzuna,,,https://www.adzuna.in/land/ad/5857251154?se=9N6A2pOk8RG2ZOdGta1BAA&utm_medium=api&utm_source=93a24393&v=E11D60935C9511D08C74F601EB2D3CA382573ADF
50.0,0,analyst,Danaher,Product Marketing Data Analyst,"Maharashtra, India",india_other,0,2,0,analyst,,,,adzuna,,,https://www.adzuna.in/land/ad/5846723089?se=9N6A2pOk8RG2ZOdGta1BAA&utm_medium=api&utm_source=93a24393&v=FD0BD05DE843F3BDED634B0C1DBF729F860AD76C
50.0,0,analyst,Elsevier,Senior Data Analyst III,"Bangalore, Karnataka",india_other,0,2,0,analyst,,,,adzuna,,,https://www.adzuna.in/land/ad/5842114982?se=9N6A2pOk8RG2ZOdGta1BAA&utm_medium=api&utm_source=93a24393&v=3263DA3568883D53BD2F53EE96E4EFA2F6B33C94
50.0,0,analyst,S&P Global,Data Analyst (Chinese Linguist),India,india_other,0,2,0,analyst,,,,adzuna,,,https://www.adzuna.in/land/ad/5855429462?se=9N6A2pOk8RG2ZOdGta1BAA&utm_medium=api&utm_source=93a24393&v=40BE8D06C94ED61DFECEDBC22A23A0E4B29834B7
50.0,0,analyst,Standard Chartered Bank,"Sr Manager, Senior Data Analyst","Bangalore, Karnataka",india_other,0,2,0,analyst,,,,adzuna,,,https://www.adzuna.in/land/ad/5854537719?se=9N6A2pOk8RG2ZOdGta1BAA&utm_medium=api&utm_source=93a24393&v=EBA3E5A1C90D3E6A92603C46CEEC7ABAC2746B3A
50.0,0,analyst,MSD,"Sr. Spclst, Data Business Analyst","Hyderabad, Telangana",india_other,0,2,0,analyst,,,,adzuna,,,https://www.adzuna.in/land/ad/5855429390?se=9N6A2pOk8RG2ZOdGta1BAA&utm_medium=api&utm_source=93a24393&v=03377EAFCD46DF1B677B73A508CB825985E03903
50.0,0,analyst,Capco,B3.1 IRR Design,India,india_other,0,2,0,analyst,,,,adzuna,,,https://www.adzuna.in/land/ad/5837139530?se=9N6A2pOk8RG2ZOdGta1BAA&utm_medium=api&utm_source=93a24393&v=30D7E02F764D982217A730AAC5B091AE185CA846
50.0,0,analyst,Capco,POD Lead_Project Delivery,India,india_other,0,2,0,analyst,,,,adzuna,,,https://www.adzuna.in/land/ad/5837139920?se=9N6A2pOk8RG2ZOdGta1BAA&utm_medium=api&utm_source=93a24393&v=7D606BC3C4792F4F8D265281E39DE41A2C261E35
50.0,0,analyst,Inficore Soft,Data Analyst,India,india_other,0,2,0,analyst,,,,adzuna,,,https://www.adzuna.in/details/5826247065?utm_medium=api&utm_source=93a24393
50.0,0,analyst,SkySun,Data Analyst,India,india_other,0,2,0,analyst,,,,adzuna,,,https://www.adzuna.in/details/5680120020?utm_medium=api&utm_source=93a24393
50.0,0,analyst,LRN Corporation,Data Analyst,India,india_other,0,2,0,analyst,,,,adzuna,,,https://www.adzuna.in/details/5693524382?utm_medium=api&utm_source=93a24393
50.0,0,analyst,Time Hack Consulting,Data Analyst,"Bangalore, Karnataka",india_other,0,2,0,analyst,,,,adzuna,,,https://www.adzuna.in/details/5849116040?utm_medium=api&utm_source=93a24393
50.0,0,analyst,Acme Services Private Limited,Data Analyst,"Richmond Town, Bangalore",india_other,0,2,0,analyst,,,,adzuna,,,https://www.adzuna.in/details/5851408983?utm_medium=api&utm_source=93a24393
50.0,0,analyst,Digital Twin,Data Analyst,"Pune, Maharashtra",india_other,0,2,0,analyst,,,,adzuna,,,https://www.adzuna.in/details/5735463452?utm_medium=api&utm_source=93a24393
50.0,0,analyst,SveltetechTechnologies Pvt Ltd,Data Analyst,"Delhi, India",india_other,0,2,0,analyst,,,,adzuna,,,https://www.adzuna.in/details/1993882092?utm_medium=api&utm_source=93a24393
50.0,0,analyst,Amicus Therapeutics,Data Analyst,"Bangalore, Karnataka",india_other,0,2,0,analyst,,,,adzuna,,,https://www.adzuna.in/details/5146507084?utm_medium=api&utm_source=93a24393
50.0,0,analyst,Qrata,Data Analyst,"Delhi, India",india_other,0,2,0,analyst,,,,adzuna,,,https://www.adzuna.in/details/4514376622?utm_medium=api&utm_source=93a24393
50.0,0,analyst,Amicus India,Data Analyst,"Bangalore, Karnataka",india_other,0,2,0,analyst,,,,adzuna,,,https://www.adzuna.in/details/5744868780?utm_medium=api&utm_source=93a24393
50.0,0,analyst,TechnoGen,Data Analyst,"Hyderabad, Telangana",india_other,0,2,0,analyst,,,,adzuna,,,https://www.adzuna.in/details/5850375334?utm_medium=api&utm_source=93a24393
50.0,0,analyst,Qrata,Data Analyst,"Delhi, India",india_other,0,2,0,analyst,,,,adzuna,,,https://www.adzuna.in/details/4514376189?utm_medium=api&utm_source=93a24393
50.0,0,analyst,InTouch CX,Data Analyst,"Hyderabad, Telangana",india_other,0,2,0,analyst,,,,adzuna,,,https://www.adzuna.in/details/5586444744?utm_medium=api&utm_source=93a24393
50.0,0,analyst,Sole Point,Data Analyst,"Gujarat, India",india_other,0,2,0,analyst,,,,adzuna,,,https://www.adzuna.in/details/5781956186?utm_medium=api&utm_source=93a24393
50.0,0,analyst,Credeau,Data Analyst,"Maharashtra, India",india_other,0,2,0,analyst,,,,adzuna,,,https://www.adzuna.in/details/5781956391?utm_medium=api&utm_source=93a24393
50.0,0,analyst,FE fundinfo,Data Analyst,"Chennai, Tamil Nadu",india_other,0,2,0,analyst,,,,adzuna,,,https://www.adzuna.in/details/5846549911?utm_medium=api&utm_source=93a24393
50.0,0,analyst,Malaysian Global Innovation and Creativity Centre,Data Analyst,India,india_other,0,2,0,analyst,,,,adzuna,,,https://www.adzuna.in/details/1171509680?utm_medium=api&utm_source=93a24393
50.0,0,analyst,In Touch,Data Analyst,"Hyderabad, Telangana",india_other,0,2,0,analyst,,,,adzuna,,,https://www.adzuna.in/details/5586566169?utm_medium=api&utm_source=93a24393
50.0,0,analyst,Precision Medicine Group,Data Analyst,India,india_other,0,2,0,analyst,,,,adzuna,,,https://www.adzuna.in/details/5848337096?utm_medium=api&utm_source=93a24393
50.0,0,analyst,Namaste Credit,Data Analyst,"Bangalore, Karnataka",india_other,0,2,0,analyst,,,,adzuna,,,https://www.adzuna.in/details/1712428599?utm_medium=api&utm_source=93a24393
50.0,0,analyst,NAVVYASA CONSULTING PRIVATE LIMITED,Data Analyst,India,india_other,0,2,0,analyst,,,,adzuna,,,https://www.adzuna.in/details/5503836577?utm_medium=api&utm_source=93a24393
50.0,0,analyst,AVI-SPL India,Data Analyst,"Mumbai, Maharashtra",india_other,0,2,0,analyst,,,,adzuna,,,https://www.adzuna.in/details/5826508020?utm_medium=api&utm_source=93a24393
50.0,0,analyst,Whisk Software Private Limited,Data Analyst,"Pune, Maharashtra",india_other,0,2,0,analyst,,,,adzuna,,,https://www.adzuna.in/details/5831395731?utm_medium=api&utm_source=93a24393
50.0,0,analyst,InTouch CX,Data Analyst,"Hyderabad, Telangana",india_other,0,2,0,analyst,,,,adzuna,,,https://www.adzuna.in/details/5586642440?utm_medium=api&utm_source=93a24393
50.0,0,analyst,Intelliatx Therapeutics,Data Analyst,"Bangalore, Karnataka",india_other,0,2,0,analyst,,,,adzuna,,,https://www.adzuna.in/details/5503284671?utm_medium=api&utm_source=93a24393
50.0,0,analyst,Reality Premedia Services Pvt Ltd,Data Analyst,"Pune, Maharashtra",india_other,0,2,0,analyst,,,,adzuna,,,https://www.adzuna.in/details/2500155500?utm_medium=api&utm_source=93a24393
50.0,0,analyst,Equitas Small Finance Bank,Data Analyst,India,india_other,0,2,0,analyst,,,,adzuna,,,https://www.adzuna.in/details/5818423330?utm_medium=api&utm_source=93a24393
50.0,0,analyst,Apex 2000,Data Analyst,"Bangalore, Karnataka",india_other,0,2,0,analyst,,,,adzuna,,,https://www.adzuna.in/details/5854880422?utm_medium=api&utm_source=93a24393
50.0,0,analyst,Sagility,Data Analyst,India,india_other,0,2,0,analyst,,,,adzuna,,,https://www.adzuna.in/details/5532438214?utm_medium=api&utm_source=93a24393
50.0,0,analyst,Indium Software,Data Analyst,India,india_other,0,2,0,analyst,,,,adzuna,,,https://www.adzuna.in/details/2247134476?utm_medium=api&utm_source=93a24393
50.0,0,analyst,Vikash Technologies,Data Analyst,"Delhi, India",india_other,0,2,0,analyst,,,,adzuna,,,https://www.adzuna.in/details/5858131073?utm_medium=api&utm_source=93a24393
50.0,0,analyst,Epik Solutions,data analyst,India,india_other,0,2,0,analyst,,,,adzuna,,,https://www.adzuna.in/details/4855397054?utm_medium=api&utm_source=93a24393
50.0,0,analyst,Multi Recruit,Data Analyst,"Bangalore, Karnataka",india_other,0,2,0,analyst,,,,adzuna,,,https://www.adzuna.in/details/2853927974?utm_medium=api&utm_source=93a24393
50.0,0,analyst,Beworld web services,Data Analyst,"Telangana, India",india_other,0,2,0,analyst,,,,adzuna,,,https://www.adzuna.in/details/5781956424?utm_medium=api&utm_source=93a24393
50.0,0,analyst,Milestone Online Technology,Data Analyst,"Bangalore, Karnataka",india_other,0,1,0,analyst,,,,adzuna,,,https://www.adzuna.in/details/5832798159?utm_medium=api&utm_source=93a24393
50.0,0,analyst,MSMEx,Data Analyst,"Mumbai, Maharashtra",india_other,0,2,0,analyst,,,,adzuna,,,https://www.adzuna.in/details/2433361449?utm_medium=api&utm_source=93a24393
50.0,0,analyst,Umberto Ceramics International Private Limited,Data Analyst,India,india_other,0,2,0,analyst,,,,adzuna,,,https://www.adzuna.in/details/5856408833?utm_medium=api&utm_source=93a24393
50.0,0,analyst,Syrencloud,Data Analyst,"Hyderabad, Telangana",india_other,0,2,0,analyst,,,,adzuna,,,https://www.adzuna.in/details/2449398766?utm_medium=api&utm_source=93a24393
50.0,0,analyst,Fragma Data Systems,Data Analyst,India,india_other,0,2,0,analyst,,,,adzuna,,,https://www.adzuna.in/details/2890608757?utm_medium=api&utm_source=93a24393
50.0,0,analyst,,Data Analyst,"Vadodara, Gujarat",india_other,0,2,0,analyst,,,,adzuna,,,https://www.adzuna.in/details/4686704927?utm_medium=api&utm_source=93a24393
50.0,0,analyst,Multi Recruit,Data Analyst,"Bangalore, Karnataka",india_other,0,2,0,analyst,,,,adzuna,,,https://www.adzuna.in/details/2403881225?utm_medium=api&utm_source=93a24393
50.0,0,analyst,Graphene Services Pte Ltd,Data Analyst,"Bangalore, Karnataka",india_other,0,2,0,analyst,,,,adzuna,,,https://www.adzuna.in/details/2539490267?utm_medium=api&utm_source=93a24393
50.0,0,analyst,EXL,Data Analyst,"Pune, Maharashtra",india_other,0,2,0,analyst,,,,adzuna,,,https://www.adzuna.in/details/5814494533?utm_medium=api&utm_source=93a24393
50.0,0,analyst,Hunarstreet Technologies Pvt Ltd,Data Analyst,"Vadodara, Gujarat",india_other,0,2,0,analyst,,,,adzuna,,,https://www.adzuna.in/details/5602825903?utm_medium=api&utm_source=93a24393
50.0,0,analyst,Highfly Sourcing,Data Analyst,India,india_other,0,2,0,analyst,,,,adzuna,,,https://www.adzuna.in/details/5549594782?utm_medium=api&utm_source=93a24393
50.0,0,analyst,Cytiva Life Science,Data Analyst,"Bangalore, Karnataka",india_other,0,2,0,analyst,,,,adzuna,,,https://www.adzuna.in/details/5706462425?utm_medium=api&utm_source=93a24393
50.0,0,analyst,Jobdost,Data Analyst,"Bangalore, Karnataka",india_other,0,2,0,analyst,,,,adzuna,,,https://www.adzuna.in/details/4344578568?utm_medium=api&utm_source=93a24393
50.0,0,analyst,Purview India Consulting And Services Llp,Data Analyst,"Pune, Maharashtra",india_other,0,2,0,analyst,,,,adzuna,,,https://www.adzuna.in/details/5854877435?utm_medium=api&utm_source=93a24393
50.0,0,analyst,Ecolab,Data Analyst,India,india_other,0,2,0,analyst,,,,adzuna,,,https://www.adzuna.in/details/5768623778?utm_medium=api&utm_source=93a24393
50.0,0,swe,Morningstar,Software Engineer,"New Delhi, Delhi",india_other,0,2,0,swe,,,,adzuna,,,https://www.adzuna.in/land/ad/5846723249?se=0qiC25Ok8RGpJaYqy5sVlA&utm_medium=api&utm_source=93a24393&v=5A544BBC960CCA0757AC78C34055BB1E3C287BD1
50.0,0,swe,ABB,Software Engineer,"Bangalore, Karnataka",india_other,0,2,0,swe,,,,adzuna,,,https://www.adzuna.in/land/ad/5852164535?se=0qiC25Ok8RGpJaYqy5sVlA&utm_medium=api&utm_source=93a24393&v=9209E8787944C1DC2369EB9C41C3094786ECA2A0
50.0,0,swe,Morningstar,Software Engineer,"Mumbai, Maharashtra",india_other,0,2,0,swe,,,,adzuna,,,https://www.adzuna.in/land/ad/5846723066?se=0qiC25Ok8RGpJaYqy5sVlA&utm_medium=api&utm_source=93a24393&v=8B6833BC7D3C826D7B13B446AC080A4708B285EE
50.0,0,swe,eBay,Software Engineer,"Bangalore, Karnataka",india_other,0,2,0,swe,,,,adzuna,,,https://www.adzuna.in/land/ad/5857251157?se=0qiC25Ok8RGpJaYqy5sVlA&utm_medium=api&utm_source=93a24393&v=32CC2656AE3327E2B80E38A997123F5693309822
50.0,0,swe,ABB,Principal Software Engineer,"Bangalore, Karnataka",india_other,0,2,0,swe,,,,adzuna,,,https://www.adzuna.in/land/ad/5797434479?se=0qiC25Ok8RGpJaYqy5sVlA&utm_medium=api&utm_source=93a24393&v=325D3CF3D6341B1F923D29E1325494E0D56E9A0B
50.0,0,swe,Danaher,Software Engineer I,"Bangalore, Karnataka",india_other,0,2,0,swe,,,,adzuna,,,https://www.adzuna.in/land/ad/5857982538?se=0qiC25Ok8RGpJaYqy5sVlA&utm_medium=api&utm_source=93a24393&v=3BCE4E77E48D6E7AD3EBABC72B9A3EF03859941E
50.0,0,swe,Cornerstone OnDemand,Senior Software Engineer,"Pune, Maharashtra",india_other,0,2,0,swe,,,,adzuna,,,https://www.adzuna.in/land/ad/5849297091?se=0qiC25Ok8RGpJaYqy5sVlA&utm_medium=api&utm_source=93a24393&v=5F8140D726CBF9DA476ABBE816F5EDF9CA8478C6
50.0,0,swe,S&P Global,Senior Software Engineer,India,india_other,0,2,0,swe,,,,adzuna,,,https://www.adzuna.in/land/ad/5858538919?se=0qiC25Ok8RGpJaYqy5sVlA&utm_medium=api&utm_source=93a24393&v=E19AF4CE74F9D91409673A26BCA4BC026CAADAD0
50.0,0,swe,MSD,"Specialist, Software Engineering","Hyderabad, Telangana",india_other,0,2,0,swe,,,,adzuna,,,https://www.adzuna.in/land/ad/5854537768?se=0qiC25Ok8RGpJaYqy5sVlA&utm_medium=api&utm_source=93a24393&v=7EF2296F590865108CBAA5E0039A0DA96E57D684
50.0,0,swe,Moody's,Senior Software Engineer,"Bangalore, Karnataka",india_other,0,2,0,swe,,,,adzuna,,,https://www.adzuna.in/land/ad/5846723024?se=0qiC25Ok8RGpJaYqy5sVlA&utm_medium=api&utm_source=93a24393&v=A3297652C3014CD8CD370462872C6A9BB2372E25
50.0,0,swe,Danaher,Senior Software Engineer,"Bangalore, Karnataka",india_other,0,2,0,swe,,,,adzuna,,,https://www.adzuna.in/land/ad/5857982590?se=0qiC25Ok8RGpJaYqy5sVlA&utm_medium=api&utm_source=93a24393&v=0469BF60B89E735438CC0097D8EA9C83F0C5952C
50.0,0,swe,RX Global,Software Engineer III,"Chennai, Tamil Nadu",india_other,0,2,0,swe,,,,adzuna,,,https://www.adzuna.in/land/ad/5852738521?se=0qiC25Ok8RGpJaYqy5sVlA&utm_medium=api&utm_source=93a24393&v=92DCB9B80110E3DF4A26B5833A4C45E64138E62F
50.0,0,swe,Morningstar,Lead Software Engineer,"Mumbai, Maharashtra",india_other,0,2,0,swe,,,,adzuna,,,https://www.adzuna.in/land/ad/5846723657?se=0qiC25Ok8RGpJaYqy5sVlA&utm_medium=api&utm_source=93a24393&v=4EDC11ADF4A0B0127EA0F9CBE9B78964754A3372
50.0,0,swe,Morningstar,Lead Software Engineer,"Mumbai, Maharashtra",india_other,0,2,0,swe,,,,adzuna,,,https://www.adzuna.in/land/ad/5846723441?se=0qiC25Ok8RGpJaYqy5sVlA&utm_medium=api&utm_source=93a24393&v=548681407FB52B3752B1234AA3C0172FB7CFE01B
50.0,0,swe,MSD,"Manager , Software Engineering","Hyderabad, Telangana",india_other,0,2,0,swe,,,,adzuna,,,https://www.adzuna.in/land/ad/5811159078?se=0qiC25Ok8RGpJaYqy5sVlA&utm_medium=api&utm_source=93a24393&v=A02B435F5C6EC0B541D16D22E818FDD3A9D41C17
50.0,0,swe,Morningstar,Senior Software Engineer,"Mumbai, Maharashtra",india_other,0,2,0,swe,,,,adzuna,,,https://www.adzuna.in/land/ad/5846723122?se=0qiC25Ok8RGpJaYqy5sVlA&utm_medium=api&utm_source=93a24393&v=D433CBC53861F80A6F3BD7A905ACC945A8D6BCBE
50.0,0,swe,ABB,Associate Software Engineer,"Bangalore, Karnataka",india_other,0,2,0,swe,,,,adzuna,,,https://www.adzuna.in/land/ad/5841509341?se=0qiC25Ok8RGpJaYqy5sVlA&utm_medium=api&utm_source=93a24393&v=D1270B04110BECC323487E81E9C4D66C691C4651
50.0,0,swe,S&P Global,Lead Software Engineer,"Hyderabad, Telangana",india_other,0,2,0,swe,,,,adzuna,,,https://www.adzuna.in/land/ad/5820906265?se=0qiC25Ok8RGpJaYqy5sVlA&utm_medium=api&utm_source=93a24393&v=F7E31C15B76E55517C5430FF722C9CF90DA6B9C9
50.0,0,swe,RX Global,Software Engineering Lead,"Chennai, Tamil Nadu",india_other,0,2,0,swe,,,,adzuna,,,https://www.adzuna.in/land/ad/5858538829?se=0qiC25Ok8RGpJaYqy5sVlA&utm_medium=api&utm_source=93a24393&v=4ADD681E98A40E1C3982A68D6A63A95EE9A6AF9B
50.0,0,swe,Morningstar,Senior Software Engineer,"Mumbai, Maharashtra",india_other,0,2,0,swe,,,,adzuna,,,https://www.adzuna.in/land/ad/5846723079?se=0qiC25Ok8RGpJaYqy5sVlA&utm_medium=api&utm_source=93a24393&v=344D930D6DCE0A591E1DE63A3B1250CC58F4E49B
50.0,0,swe,Kyndryl,Software Engineering - Development,India,india_other,0,2,0,swe,,,,adzuna,,,https://www.adzuna.in/land/ad/5837139229?se=0qiC25Ok8RGpJaYqy5sVlA&utm_medium=api&utm_source=93a24393&v=3915E91942784F68F34D7CC5B46A11460B889762
50.0,0,swe,Morningstar,Lead Software Engineer,"Mumbai, Maharashtra",india_other,0,2,0,swe,,,,adzuna,,,https://www.adzuna.in/land/ad/5846723120?se=0qiC25Ok8RGpJaYqy5sVlA&utm_medium=api&utm_source=93a24393&v=D8D317CFC6703855DDE59C765FEA3B52935D5A1F
50.0,0,swe,Moody's,Senior Software Engineer,"Bangalore, Karnataka",india_other,0,2,0,swe,,,,adzuna,,,https://www.adzuna.in/land/ad/5846723222?se=0qiC25Ok8RGpJaYqy5sVlA&utm_medium=api&utm_source=93a24393&v=C6FA0FFA19A14A1D9439EA6992B570EAFA11C69B
50.0,0,swe,Moody's,Staff Software Engineer,"Bangalore, Karnataka",india_other,0,2,0,swe,,,,adzuna,,,https://www.adzuna.in/land/ad/5846723388?se=0qiC25Ok8RGpJaYqy5sVlA&utm_medium=api&utm_source=93a24393&v=43BAAB4C2B9B91025B2C4E2EF1039AF52FAE195C
50.0,0,swe,Moody's,Staff Software Engineer,"Bangalore, Karnataka",india_other,0,2,0,swe,,,,adzuna,,,https://www.adzuna.in/land/ad/5846723030?se=0qiC25Ok8RGpJaYqy5sVlA&utm_medium=api&utm_source=93a24393&v=A12DF7C02E8D43AB5777E0856BEFF63ACAB7EB16
50.0,0,swe,Moody's,Staff Software Engineer,"Bangalore, Karnataka",india_other,0,2,0,swe,,,,adzuna,,,https://www.adzuna.in/land/ad/5846723078?se=0qiC25Ok8RGpJaYqy5sVlA&utm_medium=api&utm_source=93a24393&v=E4A1A73C5F666ACB84BAE4E1985959AA9FF61296
50.0,0,swe,Moody's,Senior Software Engineer,India,india_other,0,2,0,swe,,,,adzuna,,,https://www.adzuna.in/land/ad/5846723444?se=0qiC25Ok8RGpJaYqy5sVlA&utm_medium=api&utm_source=93a24393&v=F835EA06D2B9954363552AB754AACA80D0BA218F
50.0,0,swe,Elsevier,Software Engineer III,"Chennai, Tamil Nadu",india_other,0,2,0,swe,,,,adzuna,,,https://www.adzuna.in/land/ad/5852738463?se=0qiC25Ok8RGpJaYqy5sVlA&utm_medium=api&utm_source=93a24393&v=EDE131638BB8B7D791FC8F9F7ED6A4B666336BBF
50.0,0,swe,S&P Global,Software Engineer (Java),India,india_other,0,2,0,swe,,,,adzuna,,,https://www.adzuna.in/land/ad/5855429421?se=0qiC25Ok8RGpJaYqy5sVlA&utm_medium=api&utm_source=93a24393&v=57FC7EB9AC666D4C205A0FF7A14FE1E85D2F09BA
50.0,0,swe,Warner Bros. Discovery,Principal Software Engineer,"Bangalore, Karnataka",india_other,0,2,0,swe,,,,adzuna,,,https://www.adzuna.in/land/ad/5837139560?se=0qiC25Ok8RGpJaYqy5sVlA&utm_medium=api&utm_source=93a24393&v=EBB55035A79BA2127E934C86759FC4C6036987E2
50.0,0,swe,Moody's,Staff Software Engineer,"Bangalore, Karnataka",india_other,0,2,0,swe,,,,adzuna,,,https://www.adzuna.in/land/ad/5846723080?se=0qiC25Ok8RGpJaYqy5sVlA&utm_medium=api&utm_source=93a24393&v=BDD9C2926EC9D90B80A0CDAE02AC3B622B32FC99
50.0,0,swe,Moody's,Senior Software Engineer,"Bangalore, Karnataka",india_other,0,2,0,swe,,,,adzuna,,,https://www.adzuna.in/land/ad/5846723228?se=0qiC25Ok8RGpJaYqy5sVlA&utm_medium=api&utm_source=93a24393&v=B0B61EDA28EC2E579EB00A34B6F23C1B7F4D6F6F
50.0,0,swe,Cornerstone OnDemand,Principal Software Engineer,"Hyderabad, Telangana",india_other,0,2,0,swe,,,,adzuna,,,https://www.adzuna.in/land/ad/5837138793?se=0qiC25Ok8RGpJaYqy5sVlA&utm_medium=api&utm_source=93a24393&v=070DB2063CB56326D59E780C41601373CB8D6C43
50.0,0,swe,Morningstar,Senior Software Engineer,"Mumbai, Maharashtra",india_other,0,2,0,swe,,,,adzuna,,,https://www.adzuna.in/land/ad/5846723322?se=0qiC25Ok8RGpJaYqy5sVlA&utm_medium=api&utm_source=93a24393&v=8C01359E03AFA9F71D7C648F1635A82AA34105B6
50.0,0,swe,ABB,Principal Software Engineer,"Bangalore, Karnataka",india_other,0,2,0,swe,,,,adzuna,,,https://www.adzuna.in/land/ad/5852164440?se=0qiC25Ok8RGpJaYqy5sVlA&utm_medium=api&utm_source=93a24393&v=E6EF3C01409D9B7FBC4F3B6B98E5F1E4B86BAA84
50.0,0,swe,Kyndryl,Senior Software Engineer,"Bangalore, Karnataka",india_other,0,2,0,swe,,,,adzuna,,,https://www.adzuna.in/land/ad/5849297058?se=0qiC25Ok8RGpJaYqy5sVlA&utm_medium=api&utm_source=93a24393&v=9E93F01F48314A284AA86E54D455F971551B5709
50.0,0,swe,Moody's,Senior Software Engineer,"Bangalore, Karnataka",india_other,0,2,0,swe,,,,adzuna,,,https://www.adzuna.in/land/ad/5846723231?se=0qiC25Ok8RGpJaYqy5sVlA&utm_medium=api&utm_source=93a24393&v=6FDA262A4C5E50EF8EC518515612B2B84A7174CF
50.0,0,swe,S&P Global,Senior Software Engineer,India,india_other,0,2,0,swe,,,,adzuna,,,https://www.adzuna.in/land/ad/5820906353?se=0qiC25Ok8RGpJaYqy5sVlA&utm_medium=api&utm_source=93a24393&v=DD6DA2120957DE37A0511EB488305E7849C47B17
50.0,0,swe,ABB,Sr. Software Engineer 1,"Bangalore, Karnataka",india_other,0,2,0,swe,,,,adzuna,,,https://www.adzuna.in/land/ad/5852164463?se=0qiC25Ok8RGpJaYqy5sVlA&utm_medium=api&utm_source=93a24393&v=2349E49B9A7796AF028650577501EB285726D866
50.0,0,swe,Danaher,"Sr Manager, Software Engineering","Bangalore, Karnataka",india_other,0,2,0,swe,,,,adzuna,,,https://www.adzuna.in/land/ad/5846723658?se=0qiC25Ok8RGpJaYqy5sVlA&utm_medium=api&utm_source=93a24393&v=FAB2038B3F307BA59D503547941CAF82E6FF07C3
50.0,0,swe,S&P Global,"Associate Director, Software Engineering",India,india_other,0,2,0,swe,,,,adzuna,,,https://www.adzuna.in/land/ad/5790410270?se=0qiC25Ok8RGpJaYqy5sVlA&utm_medium=api&utm_source=93a24393&v=E83AB14B99BA57DAD162452ED29CF45DC561899D
50.0,0,swe,eBay,Sr MTS Software Engineer,"Bangalore, Karnataka",india_other,0,2,0,swe,,,,adzuna,,,https://www.adzuna.in/land/ad/5857982619?se=0qiC25Ok8RGpJaYqy5sVlA&utm_medium=api&utm_source=93a24393&v=233F7204A9CF5569CFABBD893B8735D8A96954E6
50.0,0,swe,RX Global,Senior Software Engineer I,"Chennai, Tamil Nadu",india_other,0,2,0,swe,,,,adzuna,,,https://www.adzuna.in/land/ad/5852738450?se=0qiC25Ok8RGpJaYqy5sVlA&utm_medium=api&utm_source=93a24393&v=118E6BBC6CC86A499B789FC50AA355F1C2FA1803
50.0,0,swe,Danaher,Lead Software Engineer: Automation,"Bangalore, Karnataka",india_other,0,2,0,swe,,,,adzuna,,,https://www.adzuna.in/land/ad/5846723288?se=0qiC25Ok8RGpJaYqy5sVlA&utm_medium=api&utm_source=93a24393&v=C7066AF12EC54DA41656ED99F258227EC0DC9B76
50.0,0,swe,Elsevier,Senior Software Engineer I,"Chennai, Tamil Nadu",india_other,0,2,0,swe,,,,adzuna,,,https://www.adzuna.in/land/ad/5856695673?se=KAH825Ok8RGEeLI7Dotn4Q&utm_medium=api&utm_source=93a24393&v=7C972502875875C77680ADF113060625B0E4287E
50.0,0,swe,Avaloq,Software Engineer- PLSQL -ACP,"Pune, Maharashtra",india_other,0,2,0,swe,,,,adzuna,,,https://www.adzuna.in/land/ad/5849297101?se=KAH825Ok8RGEeLI7Dotn4Q&utm_medium=api&utm_source=93a24393&v=170ABD5EB32B33D0BC4717E9433A3CFFFD17A09D
50.0,0,swe,Elsevier,Senior Software Engineer II,"Bangalore, Karnataka",india_other,0,2,0,swe,,,,adzuna,,,https://www.adzuna.in/land/ad/5834021951?se=KAH825Ok8RGEeLI7Dotn4Q&utm_medium=api&utm_source=93a24393&v=5B578EA7BBF10016D5B89303E038CA9E2E0DA531
50.0,0,swe,Warner Bros. Discovery,Staff Software Engineer - iOS,"Bangalore, Karnataka",india_other,0,2,0,swe,,,,adzuna,,,https://www.adzuna.in/land/ad/5838614193?se=KAH825Ok8RGEeLI7Dotn4Q&utm_medium=api&utm_source=93a24393&v=9A92C6347994E53121C302383944CFFCF637848A
50.0,0,swe,Danaher,Senior Software Engineer (DevOps),"Bangalore, Karnataka",india_other,0,2,0,swe,,,,adzuna,,,https://www.adzuna.in/land/ad/5846723233?se=KAH825Ok8RGEeLI7Dotn4Q&utm_medium=api&utm_source=93a24393&v=71A208D28E0A9B304CA1AE9BB6E4DD8F74BA035B
50.0,0,swe,Cornerstone OnDemand,Principal Software Engineer- Workday,"Pune, Maharashtra",india_other,0,2,0,swe,,,,adzuna,,,https://www.adzuna.in/land/ad/5837139047?se=KAH825Ok8RGEeLI7Dotn4Q&utm_medium=api&utm_source=93a24393&v=B2EC09EB6B317B2A1BCD959E52C16F3E15DD523D
50.0,0,swe,eBay,Software Engineer Streaming/Messaging,"Bangalore, Karnataka",india_other,0,2,0,swe,,,,adzuna,,,https://www.adzuna.in/land/ad/5857251208?se=KAH825Ok8RGEeLI7Dotn4Q&utm_medium=api&utm_source=93a24393&v=D2EDC0229B026B966CEF760E9377E8C7A3A5D261
50.0,0,swe,eBay,Software Engineer - Cloud SRE,"Bangalore, Karnataka",india_other,0,2,0,swe,,,,adzuna,,,https://www.adzuna.in/land/ad/5857251120?se=KAH825Ok8RGEeLI7Dotn4Q&utm_medium=api&utm_source=93a24393&v=CEB2D98C186748C85615630F37FFFE2DB438609D
50.0,0,swe,eBay,"MTS 2, Software Engineer","Bangalore, Karnataka",india_other,0,2,0,swe,,,,adzuna,,,https://www.adzuna.in/land/ad/5857251145?se=KAH825Ok8RGEeLI7Dotn4Q&utm_medium=api&utm_source=93a24393&v=B85BEB7E05041889589747872FD977D5D9ED2DF3
50.0,0,swe,MSD,"Sr. Specialist, Software Engineering","Hyderabad, Telangana",india_other,0,2,0,swe,,,,adzuna,,,https://www.adzuna.in/land/ad/5811159049?se=KAH825Ok8RGEeLI7Dotn4Q&utm_medium=api&utm_source=93a24393&v=115225A53647FBED186B31084675CC95CC91FA59
50.0,0,swe,eBay,Software Engineer 2 - Fullstack,"Bangalore, Karnataka",india_other,0,2,0,swe,,,,adzuna,,,https://www.adzuna.in/land/ad/5858537731?se=KAH825Ok8RGEeLI7Dotn4Q&utm_medium=api&utm_source=93a24393&v=68500F750BEECC9CA2666B87B47125AF77DB0F66
50.0,0,swe,Deutsche Bank,"Senior Software Engineer, AVP","Pune, Maharashtra",india_other,0,2,0,swe,,,,adzuna,,,https://www.adzuna.in/land/ad/5846723134?se=KAH825Ok8RGEeLI7Dotn4Q&utm_medium=api&utm_source=93a24393&v=635492920791DDBFC9B389E7AA9F31901FD90EFB
50.0,0,swe,eBay,Senior iOS Software Engineer,"Bangalore, Karnataka",india_other,0,2,0,swe,,,,adzuna,,,https://www.adzuna.in/land/ad/5857251177?se=KAH825Ok8RGEeLI7Dotn4Q&utm_medium=api&utm_source=93a24393&v=D5ED939B8EEA0ABFD80B6A94EADD52DFF3FAA02F
50.0,0,swe,Moody's,Principal Software Engineer - AI,"Bangalore, Karnataka",india_other,0,2,0,swe,,,,adzuna,,,https://www.adzuna.in/land/ad/5847959803?se=KAH825Ok8RGEeLI7Dotn4Q&utm_medium=api&utm_source=93a24393&v=24850D9B9C940C34EAB88A822280AD413E8F4422
50.0,0,swe,eBay,Software Engineer 3 – Platform Security,"Bangalore, Karnataka",india_other,0,2,0,swe,,,,adzuna,,,https://www.adzuna.in/land/ad/5857982603?se=KAH825Ok8RGEeLI7Dotn4Q&utm_medium=api&utm_source=93a24393&v=AEB5BE44ED9FDFAF3DDB91E4327FC433127724C7
50.0,0,swe,eBay,Software Engineer 3 – Network Security,"Bangalore, Karnataka",india_other,0,2,0,swe,,,,adzuna,,,https://www.adzuna.in/land/ad/5858538845?se=KAH825Ok8RGEeLI7Dotn4Q&utm_medium=api&utm_source=93a24393&v=71765EC97618575C9761C880A615CF5A1439AF06
50.0,0,swe,Danaher,"Lead Software Engineer -C#, .NET","Bangalore, Karnataka",india_other,0,2,0,swe,,,,adzuna,,,https://www.adzuna.in/land/ad/5846723705?se=KAH825Ok8RGEeLI7Dotn4Q&utm_medium=api&utm_source=93a24393&v=0A661A4F070C72B197802638222F80DAA159D65D
50.0,0,swe,Danaher,Lead Software Engineer (Manual Testing),"Bangalore, Karnataka",india_other,0,2,0,swe,,,,adzuna,,,https://www.adzuna.in/land/ad/5846723424?se=KAH825Ok8RGEeLI7Dotn4Q&utm_medium=api&utm_source=93a24393&v=5F76D0F35F3A0014DC5915C140484D906CF24167
50.0,0,swe,eBay,MTS-1 Software Engineer - Fullstack,"Bangalore, Karnataka",india_other,0,2,0,swe,,,,adzuna,,,https://www.adzuna.in/land/ad/5857251118?se=KAH825Ok8RGEeLI7Dotn4Q&utm_medium=api&utm_source=93a24393&v=554CED14F27E25A70D6F4A2B3F87FC47BCEAA74C
50.0,0,swe,Kyndryl,"Lead II, Software Engineering - Development","Bangalore, Karnataka",india_other,0,2,0,swe,,,,adzuna,,,https://www.adzuna.in/land/ad/5837138765?se=KAH825Ok8RGEeLI7Dotn4Q&utm_medium=api&utm_source=93a24393&v=1A99B1E0256D81E6667DFC83366A2F7117656EBF
50.0,0,swe,S&P Global,Senior Software Engineer- Site Reliability,"Hyderabad, Telangana",india_other,0,2,0,swe,,,,adzuna,,,https://www.adzuna.in/land/ad/5785772327?se=KAH825Ok8RGEeLI7Dotn4Q&utm_medium=api&utm_source=93a24393&v=F12AE1BCDE940C5AAF0E1D1025B345F7DE2BBA21
50.0,0,swe,Kyndryl,"Lead II, Software Engineering - Development","Bangalore, Karnataka",india_other,0,2,0,swe,,,,adzuna,,,https://www.adzuna.in/land/ad/5837139057?se=KAH825Ok8RGEeLI7Dotn4Q&utm_medium=api&utm_source=93a24393&v=A61540EFB52B1578EEEE5D493BD8EFD09C00F93D
50.0,0,swe,Kyndryl,Sr. Software Engineer - Backend Java,"Bangalore, Karnataka",india_other,0,2,0,swe,,,,adzuna,,,https://www.adzuna.in/land/ad/5837138668?se=KAH825Ok8RGEeLI7Dotn4Q&utm_medium=api&utm_source=93a24393&v=AE41B534F2371B442102070C83D6AA62C10BF7B4
50.0,0,swe,eBay,MTS 2 Software Engineer(FE),"Bangalore, Karnataka",india_other,0,2,0,swe,,,,adzuna,,,https://www.adzuna.in/land/ad/5858539511?se=KAH825Ok8RGEeLI7Dotn4Q&utm_medium=api&utm_source=93a24393&v=AAE2468DF57AA37792EADEDCDA25C7074B6F723B
50.0,0,swe,eBay,Senior Software Engineer - Cloud DBs,"Bangalore, Karnataka",india_other,0,2,0,swe,,,,adzuna,,,https://www.adzuna.in/land/ad/5857251175?se=KAH825Ok8RGEeLI7Dotn4Q&utm_medium=api&utm_source=93a24393&v=A60B8F79DDBDF92CD328671BFDBAD1B5A26BB08E
50.0,0,swe,S&P Global,"Senior Software Engineer (.Net, Java)",India,india_other,0,2,0,swe,,,,adzuna,,,https://www.adzuna.in/land/ad/5785771845?se=KAH825Ok8RGEeLI7Dotn4Q&utm_medium=api&utm_source=93a24393&v=58FA4DB7CCF56FB9CB95CF698D9C18BF059CA604
50.0,0,swe,Kyndryl,Software Engineer - Full Stack Development,"Bangalore, Karnataka",india_other,0,2,0,swe,,,,adzuna,,,https://www.adzuna.in/land/ad/5837139213?se=KAH825Ok8RGEeLI7Dotn4Q&utm_medium=api&utm_source=93a24393&v=E5417B67FF55CE6D73B707EB6DE0DDD14F83958C
50.0,0,swe,Kyndryl,Software Engineer - Full Stack Development,"Bangalore, Karnataka",india_other,0,2,0,swe,,,,adzuna,,,https://www.adzuna.in/land/ad/5837843568?se=KAH825Ok8RGEeLI7Dotn4Q&utm_medium=api&utm_source=93a24393&v=699F7FD333BF4F09AF21CC3376FFD58C92E789CB
50.0,0,swe,S&P Global,"Software Engineer, Backend Development (Python)","Hyderabad, Telangana",india_other,0,2,0,swe,,,,adzuna,,,https://www.adzuna.in/land/ad/5857982567?se=KAH825Ok8RGEeLI7Dotn4Q&utm_medium=api&utm_source=93a24393&v=E3BA106662F057620D67772A3B71950CEB94EDB3
50.0,0,swe,eBay,"MTS 1, Software Engineer - Fullstack","Bangalore, Karnataka",india_other,0,2,0,swe,,,,adzuna,,,https://www.adzuna.in/land/ad/5857251111?se=KAH825Ok8RGEeLI7Dotn4Q&utm_medium=api&utm_source=93a24393&v=F904BAF22E1C823A4ADDA03DFD43FE41F9A3E0CF
50.0,0,swe,eBay,"MTS 2, Software Engineer, ios","Bangalore, Karnataka",india_other,0,2,0,swe,,,,adzuna,,,https://www.adzuna.in/land/ad/5857251176?se=KAH825Ok8RGEeLI7Dotn4Q&utm_medium=api&utm_source=93a24393&v=009A870CE8F7858C79EEC08A54E6D66F727BFA2D
50.0,0,swe,eBay,Senior MTS Software Engineer - Shipping,"Bangalore, Karnataka",india_other,0,2,0,swe,,,,adzuna,,,https://www.adzuna.in/land/ad/5857251104?se=KAH825Ok8RGEeLI7Dotn4Q&utm_medium=api&utm_source=93a24393&v=0FD7DC2FE319D3EEC9666C7540104A698EC54AAB
50.0,0,swe,Kyndryl,Software Engineer - Microsoft Power Platform Developer,"Bangalore, Karnataka",india_other,0,2,0,swe,,,,adzuna,,,https://www.adzuna.in/land/ad/5837138735?se=KAH825Ok8RGEeLI7Dotn4Q&utm_medium=api&utm_source=93a24393&v=30DB8AF6167416207F9C7D2B1D78CA8ED201388F
50.0,0,swe,Kyndryl,Software Engineer - Microsoft Power Platform Developer,"Bangalore, Karnataka",india_other,0,2,0,swe,,,,adzuna,,,https://www.adzuna.in/land/ad/5841509246?se=KAH825Ok8RGEeLI7Dotn4Q&utm_medium=api&utm_source=93a24393&v=77A93A263198B258FF86EBD054D2013BF2EF8C57
50.0,0,swe,eBay,"MTS 2, Software Engineer, Data Platforms","Bangalore, Karnataka",india_other,0,2,0,swe,,,,adzuna,,,https://www.adzuna.in/land/ad/5857251152?se=KAH825Ok8RGEeLI7Dotn4Q&utm_medium=api&utm_source=93a24393&v=F6ED6E5761AAB007E2A108EBC1289F6B09295EAC
50.0,0,swe,eBay,"Sr MTS Software Engineer, Data Platforms","Bangalore, Karnataka",india_other,0,2,0,swe,,,,adzuna,,,https://www.adzuna.in/land/ad/5857251132?se=KAH825Ok8RGEeLI7Dotn4Q&utm_medium=api&utm_source=93a24393&v=82EB0120A23DCD90CE70DC21189F93709AE952CF
50.0,0,swe,Kyndryl,Software Engineering Technical Specialist - Workday Integrations,India,india_other,0,2,0,swe,,,,adzuna,,,https://www.adzuna.in/land/ad/5837139058?se=KAH825Ok8RGEeLI7Dotn4Q&utm_medium=api&utm_source=93a24393&v=272ED659CA517B66038E84728ECEA3DF0ADEFD29
50.0,0,swe,Kyndryl,Software Engineering Technical Specialist - Workday Integrations,"Bangalore, Karnataka",india_other,0,2,0,swe,,,,adzuna,,,https://www.adzuna.in/land/ad/5837138870?se=KAH825Ok8RGEeLI7Dotn4Q&utm_medium=api&utm_source=93a24393&v=899C3565A64AEB2CF3591A438D267555AC8D99FF
50.0,0,swe,Danaher,"Lead software Engineer(Linux, Shell Scripting)","Bangalore, Karnataka",india_other,0,2,0,swe,,,,adzuna,,,https://www.adzuna.in/land/ad/5846723395?se=KAH825Ok8RGEeLI7Dotn4Q&utm_medium=api&utm_source=93a24393&v=EA9FB623FDBD2825C6B94704230F9897130869ED
50.0,0,swe,Warner Bros. Discovery,"Staff Software Engineer - Python, Computer Vision","Bangalore, Karnataka",india_other,0,2,0,swe,,,,adzuna,,,https://www.adzuna.in/land/ad/5837139496?se=KAH825Ok8RGEeLI7Dotn4Q&utm_medium=api&utm_source=93a24393&v=8A830B18AB145FCE95C31BF0F449C84D4182BBD7
50.0,0,swe,Ellucian,"Software Engineer I - React, Node, AWS","Bangalore, Karnataka",india_other,0,2,0,swe,,,,adzuna,,,https://www.adzuna.in/land/ad/5859162406?se=KAH825Ok8RGEeLI7Dotn4Q&utm_medium=api&utm_source=93a24393&v=418C451A11172F3FF7CF4B1A95C9E045A3D7C996
50.0,0,swe,S&P Global,Senior Software Engineer - Java Application Development,"Hyderabad, Telangana",india_other,0,2,0,swe,,,,adzuna,,,https://www.adzuna.in/land/ad/5857982691?se=KAH825Ok8RGEeLI7Dotn4Q&utm_medium=api&utm_source=93a24393&v=8F440D08D72F6EB1A5284B96D0DB614DD2671E5F
50.0,0,swe,Warner Bros. Discovery,"Director, Software Engineering - Data Platform, Hyderabad","Hyderabad, Telangana",india_other,0,2,0,swe,,,,adzuna,,,https://www.adzuna.in/land/ad/5837139380?se=KAH825Ok8RGEeLI7Dotn4Q&utm_medium=api&utm_source=93a24393&v=1A3B058DCEFB48784C2B3A0C56C9BD34D21143C1
50.0,0,swe,Kyndryl,Software Engineering Technical Specialist – Workday Integrations,India,india_other,0,2,0,swe,,,,adzuna,,,https://www.adzuna.in/land/ad/5837138865?se=KAH825Ok8RGEeLI7Dotn4Q&utm_medium=api&utm_source=93a24393&v=C0B30B0383EC5A21D96F0615459FF406C918F8E2
50.0,0,swe,Danaher,"Lead Software Engineer (Java, Javascript, Oracle Database)","Bangalore, Karnataka",india_other,0,2,0,swe,,,,adzuna,,,https://www.adzuna.in/land/ad/5846723130?se=KAH825Ok8RGEeLI7Dotn4Q&utm_medium=api&utm_source=93a24393&v=F1410B2842520D4A97E2CD8D65A3E71162204136
50.0,0,swe,Warner Bros. Discovery,"Staff Software Engineer - Data Platform Team, Hyderabad","Hyderabad, Telangana",india_other,0,2,0,swe,,,,adzuna,,,https://www.adzuna.in/land/ad/5837139377?se=KAH825Ok8RGEeLI7Dotn4Q&utm_medium=api&utm_source=93a24393&v=20D2F32D463DC026D82B2D18F387A276C4E6E0CD
50.0,0,swe,Warner Bros. Discovery,"Senior Software Engineer -Localization (GLP Team), Bangalore","Bangalore, Karnataka",india_other,0,2,0,swe,,,,adzuna,,,https://www.adzuna.in/land/ad/5837139532?se=KAH825Ok8RGEeLI7Dotn4Q&utm_medium=api&utm_source=93a24393&v=671B8364939ACD4D1D101FD2EFAEE9749AE3F40D
50.0,0,swe,Warner Bros. Discovery,"Manager, Software Engineering, Streaming Analytics Platform- Bangalore","Bangalore, Karnataka",india_other,0,2,0,swe,,,,adzuna,,,https://www.adzuna.in/land/ad/5856130230?se=KAH825Ok8RGEeLI7Dotn4Q&utm_medium=api&utm_source=93a24393&v=7D4BCCDC8FD1F62A7155EBD00876F48DFE3FD4B7
50.0,0,swe,Warner Bros. Discovery,"Staff Software Engineer in Test (Sports Team), Bangalore","Bangalore, Karnataka",india_other,0,2,0,swe,,,,adzuna,,,https://www.adzuna.in/land/ad/5837139607?se=KAH825Ok8RGEeLI7Dotn4Q&utm_medium=api&utm_source=93a24393&v=380768BF9FE1AF9A3A43E8A3CBF4B1EB5E61A307
50.0,0,analyst,Priceline,Senior Data Analyst,"Mumbai, Maharashtra, India",india_other,0,2,0,analyst,,,,jobspy:linkedin,,,https://www.linkedin.com/jobs/view/4450904476
50.0,0,analyst,Precision AQ,Data Analyst,"Bengaluru, Karnataka, India",india_other,0,2,0,analyst,,,,jobspy:linkedin,,,https://www.linkedin.com/jobs/view/4404448266
50.0,0,analyst,Wipro,DATA ANALYST L4,"Bengaluru, Karnataka, India",india_other,0,2,0,analyst,,,,jobspy:linkedin,,,https://www.linkedin.com/jobs/view/4460556062
50.0,0,analyst,Technoidentity,Technical Business Analyst,"Hyderabad, Telangana, India",india_other,0,2,0,analyst,,,,jobspy:linkedin,,,https://www.linkedin.com/jobs/view/4458494197
50.0,0,analyst,BNP Paribas,Senior Business Analyst,"Mumbai, Maharashtra, India",india_other,0,2,0,analyst,,,,jobspy:linkedin,,,https://www.linkedin.com/jobs/view/4442105054
50.0,0,analyst,Admaren Tech Private Limited,Senior Business Analyst,"Kochi, Kerala, India",india_other,0,2,0,analyst,,,,jobspy:linkedin,,,https://www.linkedin.com/jobs/view/4459700151
50.0,0,analyst,NTT DATA North America,Sr Business/Data Analyst,"Bangalore Urban, Karnataka, India",india_other,0,2,0,analyst,,,,jobspy:linkedin,,,https://www.linkedin.com/jobs/view/4433307690
50.0,0,analyst,Virtusa,SAP FICO Business Analyst,"Chennai, Tamil Nadu, India",india_other,0,2,0,analyst,,,,jobspy:linkedin,,,https://www.linkedin.com/jobs/view/4410177527
50.0,0,analyst,Citi,Business Data Analyst- Assistant Vice President,"Pune Division, Maharashtra, India",india_other,0,2,0,analyst,,,,jobspy:linkedin,,,https://www.linkedin.com/jobs/view/4441307706
50.0,0,analyst,Invesco,Advanced Business Analyst II,"Hyderabad, Telangana, India",india_other,0,2,0,analyst,,,,jobspy:linkedin,,,https://www.linkedin.com/jobs/view/4460374414
50.0,0,analyst,NetApp,Business Analyst,"Bengaluru, Karnataka, India",india_other,0,2,0,analyst,,,,jobspy:linkedin,,,https://www.linkedin.com/jobs/view/4461000895
50.0,0,analyst,Scoutit,Data Analyst,"Gurugram, Haryana, India",india_other,0,2,0,analyst,,,,jobspy:linkedin,,,https://www.linkedin.com/jobs/view/4459733210
50.0,0,analyst,NetApp,Business Data Analyst,"Bengaluru, Karnataka, India",india_other,0,2,0,analyst,,,,jobspy:linkedin,,,https://www.linkedin.com/jobs/view/4461002930
50.0,0,analyst,Wipro,BUSINESS ANALYST L3,"Pune Division, Maharashtra, India",india_other,0,2,0,analyst,,,,jobspy:linkedin,,,https://www.linkedin.com/jobs/view/4460852764
50.0,0,analyst,Husky Technologies,"DST Business Analyst and Business Intelligence Developer - Husky (Guindy,Chennai)","Chennai, Tamil Nadu, India",india_other,0,2,0,analyst,,,,jobspy:linkedin,,,https://www.linkedin.com/jobs/view/4459733593
50.0,0,analyst,Endress+Hauser Group,Data Analyst,"Aurangabad, Maharashtra, India",india_other,0,2,0,analyst,,,,jobspy:linkedin,,,https://www.linkedin.com/jobs/view/4432949231
50.0,0,swe,SOTI,Software Developer 2,"Kochi, Kerala, India",india_other,0,2,0,swe,,,,jobspy:linkedin,,,https://www.linkedin.com/jobs/view/4423338767
50.0,0,swe,Acceldata,Software Engineer - Open Data Platform (ODP),"Bengaluru, Karnataka, India",india_other,0,2,0,swe,,,,jobspy:linkedin,,,https://www.linkedin.com/jobs/view/4296478383
50.0,0,swe,Infosys,.Net core Developer,"Bengaluru East, Karnataka, India",india_other,0,2,0,swe,,,,jobspy:linkedin,,,https://www.linkedin.com/jobs/view/4440780858
50.0,0,swe,Applied Systems,Software Engineer,"Bengaluru, Karnataka, India",india_other,0,2,0,swe,,,,jobspy:linkedin,,,https://www.linkedin.com/jobs/view/4440737580
50.0,0,swe,U.S. Bank,Senior Software Engineer - .Net Full Stack,"Chennai, Tamil Nadu, India",india_other,0,2,0,swe,,,,jobspy:linkedin,,,https://www.linkedin.com/jobs/view/4429942506
50.0,0,swe,Amazon,"Software Development Engineer II, Digital Pricing and Competitive Intelligence (D-PRICIQ ), Digital Acceleration","Chennai, Tamil Nadu, India",india_other,0,2,0,swe,,,,jobspy:linkedin,,,https://www.linkedin.com/jobs/view/4460537844
50.0,0,swe,UPS,Senior Application Developer - .Net Full Stack,"Chennai, Tamil Nadu, India",india_other,0,2,0,swe,,,,jobspy:linkedin,,,https://www.linkedin.com/jobs/view/4440779924
50.0,0,swe,Wipro,DEVELOPER L3,"Hyderabad, Telangana, India",india_other,0,2,0,swe,,,,jobspy:linkedin,,,https://www.linkedin.com/jobs/view/4460545387
50.0,0,swe,Oracle,Software Developer 3,"Trivandrum, Kerala, India",india_other,0,2,0,swe,,,,jobspy:linkedin,,,https://www.linkedin.com/jobs/view/4448767342
50.0,0,swe,Mastercard,Software Engineer II,"Pune Division, Maharashtra, India",india_other,0,2,0,swe,,,,jobspy:linkedin,,,https://www.linkedin.com/jobs/view/4448765383
50.0,0,swe,RSA Security,Software Engineer,"Bengaluru, Karnataka, India",india_other,0,2,0,swe,,,,jobspy:linkedin,,,https://www.linkedin.com/jobs/view/4459429147
50.0,0,swe,GlobalLogic,Software Engineer IRC301786,"Gurgaon, Haryana, India",india_other,0,2,0,swe,,,,jobspy:linkedin,,,https://www.linkedin.com/jobs/view/4449747829
50.0,0,swe,Accenture in India,Custom Software Engineer,"Chennai, Tamil Nadu, India",india_other,0,2,0,swe,,,,jobspy:linkedin,,,https://www.linkedin.com/jobs/view/4450769520
50.0,0,swe,Accenture in India,Custom Software Engineer,"Bengaluru, Karnataka, India",india_other,0,2,0,swe,,,,jobspy:linkedin,,,https://www.linkedin.com/jobs/view/4448370044
50.0,0,swe,ValGenesis,Calling all Software Engineers!,"Chennai, Tamil Nadu, India",india_other,0,2,0,swe,,,,jobspy:linkedin,,,https://www.linkedin.com/jobs/view/4458849221
50.0,0,swe,Accenture services Pvt Ltd,Custom Software Engineer,"Gurugram, Haryana, India",india_other,0,2,0,swe,,,,jobspy:linkedin,,,https://www.linkedin.com/jobs/view/4459749026
50.0,0,swe,Alegeus,Software Engineer - CDH Platform,"Bengaluru East, Karnataka, India",india_other,0,2,0,swe,,,,jobspy:linkedin,,,https://www.linkedin.com/jobs/view/4414653471
50.0,0,swe,StarZen,Dotnet Developer,"Gurugram, Haryana, India",india_other,0,2,0,swe,,,,jobspy:linkedin,,,https://www.linkedin.com/jobs/view/4460882969
50.0,0,swe,Glean,"Software Engineer, Backend","Bengaluru, Karnataka, India",india_other,0,2,0,swe,,,,jobspy:linkedin,,,https://www.linkedin.com/jobs/view/4195254610
50.0,0,swe,Autter,Backend Engineer (Agentic AI),"Chandipur, West Bengal, India",india_other,0,2,0,swe,,,,jobspy:linkedin,,,https://www.linkedin.com/jobs/view/4460865715
50.0,0,swe,Trintech,Software Engineer II .NET (Noida),"Noida, Uttar Pradesh, India",india_other,0,2,0,swe,,,,jobspy:linkedin,,,https://www.linkedin.com/jobs/view/4424239782
50.0,0,swe,JPMorganChase,Software Engineer III - Back-end Engineer - Chase UK,"Bengaluru, Karnataka, India",india_other,0,2,0,swe,,,,jobspy:linkedin,,,https://www.linkedin.com/jobs/view/4442450307
40.0,0,analyst,Egon Zehnder,Business Analyst/ Senior Business Analyst,"Gurgaon, Haryana",international,0,2,0,analyst,,,,adzuna,,,https://www.adzuna.in/details/5850376076?utm_medium=api&utm_source=93a24393
40.0,0,analyst,Binary Semantics Limited,Business Analyst,"Gurgaon, Haryana",international,0,2,0,analyst,,,,adzuna,,,https://www.adzuna.in/details/5860532858?utm_medium=api&utm_source=93a24393
40.0,0,analyst,,Business Analyst,"Noida, Ghaziabad",international,0,2,0,analyst,,,,adzuna,,,https://www.adzuna.in/details/4686706417?utm_medium=api&utm_source=93a24393
40.0,0,analyst,CIMET,Business Analyst,"Jaipur, Rajasthan",international,0,2,0,analyst,,,,adzuna,,,https://www.adzuna.in/details/5859120974?utm_medium=api&utm_source=93a24393
40.0,0,analyst,Proarch Technology Services,Business Analyst,"Kolkata, West Bengal",international,0,2,0,analyst,,,,adzuna,,,https://www.adzuna.in/details/5859124842?utm_medium=api&utm_source=93a24393
40.0,0,analyst,Texila American University,Business Analyst,"Coimbatore, Tamil Nadu",international,0,2,0,analyst,,,,adzuna,,,https://www.adzuna.in/details/2609531597?utm_medium=api&utm_source=93a24393
40.0,0,analyst,VDart,Business Analyst,"Srirangam, Tiruchirappalli",international,0,1,0,analyst,,,,adzuna,,,https://www.adzuna.in/details/5799557395?utm_medium=api&utm_source=93a24393
40.0,0,analyst,Myrsa Technology Solutions,Business Analyst,"Thane, Maharashtra",international,0,2,0,analyst,,,,adzuna,,,https://www.adzuna.in/details/3433222166?utm_medium=api&utm_source=93a24393
40.0,0,analyst,,Data Analyst,"Thiruvananthapuram, Kerala",international,0,2,0,analyst,,,,adzuna,,,https://www.adzuna.in/details/4686704238?utm_medium=api&utm_source=93a24393
40.0,0,analyst,Trigent Software Private Limited,Data Analyst,"Chauth Ka Barwara, Sawai Madhopur",international,0,2,0,analyst,,,,adzuna,,,https://www.adzuna.in/details/5857207887?utm_medium=api&utm_source=93a24393
40.0,0,analyst,Shuru Technologies Private Limited,Data Analyst,"Sanganer, Jaipur",international,0,2,0,analyst,,,,adzuna,,,https://www.adzuna.in/details/5849923648?utm_medium=api&utm_source=93a24393
40.0,0,analyst,RECEX,Data analyst,"Kolkata, West Bengal",international,0,2,0,analyst,,,,adzuna,,,https://www.adzuna.in/details/5728436260?utm_medium=api&utm_source=93a24393
40.0,0,analyst,R-Insights Research Company,Data analyst,"Ajmer, Rajasthan",international,0,2,0,analyst,,,,adzuna,,,https://www.adzuna.in/details/5849858928?utm_medium=api&utm_source=93a24393
40.0,0,analyst,ICG Medical,Data Analyst,"Noida, Ghaziabad",international,0,2,0,analyst,,,,adzuna,,,https://www.adzuna.in/details/5861238945?utm_medium=api&utm_source=93a24393
40.0,0,analyst,EWU,Data Analyst,"Coimbatore, Tamil Nadu",international,0,2,0,analyst,,,,adzuna,,,https://www.adzuna.in/details/5336689191?utm_medium=api&utm_source=93a24393
40.0,0,analyst,Milestone Online Technology,Data Analyst,"Gurgaon, Haryana",international,0,1,0,analyst,,,,adzuna,,,https://www.adzuna.in/details/5832798167?utm_medium=api&utm_source=93a24393
40.0,0,analyst,Milestone Online Technology,Data Analyst,"Lucknow, Uttar Pradesh",international,0,1,0,analyst,,,,adzuna,,,https://www.adzuna.in/details/5832798187?utm_medium=api&utm_source=93a24393
40.0,0,analyst,Milestone Online Technology,Data Analyst,"Patna, Bihar",international,0,1,0,analyst,,,,adzuna,,,https://www.adzuna.in/details/5832798181?utm_medium=api&utm_source=93a24393
40.0,0,analyst,Milestone Online Technology,Data Analyst,"Kolkata, West Bengal",international,0,1,0,analyst,,,,adzuna,,,https://www.adzuna.in/details/5832798158?utm_medium=api&utm_source=93a24393
40.0,0,analyst,Square Yards,Data Analyst,"Gurgaon, Haryana",international,0,2,0,analyst,,,,adzuna,,,https://www.adzuna.in/details/5857746715?utm_medium=api&utm_source=93a24393
40.0,0,analyst,Claight Corporation Expert Market Research,Data Analyst,"Noida, Ghaziabad",international,0,2,0,analyst,,,,adzuna,,,https://www.adzuna.in/details/5859124126?utm_medium=api&utm_source=93a24393
40.0,0,analyst,Mr n Mrs Pet,Data Analyst,"Jaipur, Rajasthan",international,0,2,0,analyst,,,,adzuna,,,https://www.adzuna.in/details/3337906172?utm_medium=api&utm_source=93a24393
40.0,0,swe,Accenture,Custom Software Engineer,"Bhubaneswar, Khordha",international,0,2,0,swe,,,,adzuna,,,https://www.adzuna.in/land/ad/5812528360?se=0qiC25Ok8RGpJaYqy5sVlA&utm_medium=api&utm_source=93a24393&v=A5CADD959BC62A1D20DC7340D6340E1CC402A81C
40.0,0,swe,Moody's,Principal Software Engineer,"Noida, Gautam Buddha Nagar",international,0,2,0,swe,,,,adzuna,,,https://www.adzuna.in/land/ad/5846723128?se=0qiC25Ok8RGpJaYqy5sVlA&utm_medium=api&utm_source=93a24393&v=C4473B8E4632D098BF1C0F5DAC1746C5B7909866
40.0,0,swe,Moody's,Staff Software Engineer,"Noida, Gautam Buddha Nagar",international,0,2,0,swe,,,,adzuna,,,https://www.adzuna.in/land/ad/5846723137?se=0qiC25Ok8RGpJaYqy5sVlA&utm_medium=api&utm_source=93a24393&v=102BE019FD379589711AEEC7A5EA0DB351FCD991
40.0,0,swe,Moody's,Staff Software Engineer,"Noida, Gautam Buddha Nagar",international,0,2,0,swe,,,,adzuna,,,https://www.adzuna.in/land/ad/5846723050?se=0qiC25Ok8RGpJaYqy5sVlA&utm_medium=api&utm_source=93a24393&v=7C6BE049631F72EEF90995671602BF6680CB0229
40.0,0,swe,Kyndryl,Software Engineering- Development,"Noida, Gautam Buddha Nagar",international,0,2,0,swe,,,,adzuna,,,https://www.adzuna.in/land/ad/5837138655?se=0qiC25Ok8RGpJaYqy5sVlA&utm_medium=api&utm_source=93a24393&v=148A114535A936613CEDBA7E80AAF88FE4CAB1FE
40.0,0,swe,Moody's,Senior Software Engineer,"Noida, Gautam Buddha Nagar",international,0,2,0,swe,,,,adzuna,,,https://www.adzuna.in/land/ad/5846723460?se=0qiC25Ok8RGpJaYqy5sVlA&utm_medium=api&utm_source=93a24393&v=D9CA7065ABB50C8229F37ED0E06E7960EB8B75AF
40.0,0,analyst,RennovaITSolutions,UAT Analyst,"GJ, IN",international,0,2,0,analyst,,,,jobspy:indeed,,,https://in.indeed.com/viewjob?jk=ee27ee4128d56eab
40.0,0,analyst,HCLTech,Pega Senior Developer,"TN, IN",international,0,2,0,analyst,,,,jobspy:indeed,,,https://in.indeed.com/viewjob?jk=d4c30efcc0bd9486
40.0,0,analyst,HCLTech,Scrum Specialist,"KA, IN",international,0,2,0,analyst,,,,jobspy:indeed,,,https://in.indeed.com/viewjob?jk=e9e6980bf59d77f6
40.0,0,analyst,Wipro,BUSINESS ANALYST L4,"MH, IN",international,0,2,0,analyst,,,,jobspy:indeed,,,https://in.indeed.com/viewjob?jk=ba50c60f155dd9cd
40.0,0,swe,Idyaite Technology Solutions Private Limited,Analyst - Mobile Application Developer | Flutter,"KA, IN",international,0,2,0,swe,,,,jobspy:indeed,,,https://in.indeed.com/viewjob?jk=16eaba1c79b13a75
40.0,0,analyst,HCLTech,Business Specialist,"MH, IN",international,0,2,0,analyst,,,,jobspy:indeed,,,https://in.indeed.com/viewjob?jk=3c81c54196483eaf
40.0,0,analyst,HCLTech,Senior Technical Lead,"TS, IN",international,0,2,0,analyst,,,,jobspy:indeed,,,https://in.indeed.com/viewjob?jk=810f410ec446a148
40.0,0,analyst,HCLTech,Senior ERP Specialist,"TS, IN",international,0,2,0,analyst,,,,jobspy:indeed,,,https://in.indeed.com/viewjob?jk=d9bf9ce3f9d1facc
40.0,0,analyst,HCLTech,Senior ERP Specialist,"TS, IN",international,0,2,0,analyst,,,,jobspy:indeed,,,https://in.indeed.com/viewjob?jk=988819145628d625
40.0,0,analyst,HCLTech,ERP Specialist,"TS, IN",international,0,2,0,analyst,,,,jobspy:indeed,,,https://in.indeed.com/viewjob?jk=f12cb6eb99876979
40.0,0,analyst,HCLTech,ERP Specialist,"TS, IN",international,0,2,0,analyst,,,,jobspy:indeed,,,https://in.indeed.com/viewjob?jk=7045957ef015de8f
40.0,0,analyst,Husky Injection Molding,"DST Business Analyst and Business Intelligence Developer - Husky (Guindy,Chennai)","TN, IN",international,0,2,0,analyst,,,,jobspy:indeed,,,https://in.indeed.com/viewjob?jk=8f67c819da70d606
40.0,0,analyst,Metropolis Healthcare India,Data Analyst,"MH, IN",international,0,2,0,analyst,,,,jobspy:indeed,,,https://in.indeed.com/viewjob?jk=96b47bb7d01adbef
40.0,0,analyst,Hire Feed,Data Analyst (Remote),,international,0,2,0,analyst,,,,jobspy:linkedin,,,https://www.linkedin.com/jobs/view/4461004051
40.0,0,analyst,Wake Up Whistle,Business Analyst | Requirement Gathering | Data Analysis | Dashboarding,,international,0,2,0,analyst,,,,jobspy:linkedin,,,https://www.linkedin.com/jobs/view/4459746092
40.0,0,analyst,Hired,Senior Business Analyst,,international,0,2,0,analyst,,,,jobspy:linkedin,,,https://www.linkedin.com/jobs/view/4461011651
40.0,0,analyst,Big Cedar Lodge,Business Analyst - Resort,"Ridgedale, MO",international,0,2,0,analyst,,,,jobspy:linkedin,,,https://www.linkedin.com/jobs/view/4460820054
40.0,0,analyst,Airbus,Data Analyst,"Prestwick, Scotland, UK",international,0,2,0,analyst,,,,jobspy:linkedin,,,https://www.linkedin.com/jobs/view/4458466467
40.0,0,analyst,GRIDSIGHT,Global Customer Data Analyst,"Melbourne, Victoria, Australia",international,0,2,0,analyst,,,,jobspy:linkedin,,,https://www.linkedin.com/jobs/view/4460805059
40.0,0,swe,Vistas Global,Business Intelligence Developer,"Doha, Qatar",international,0,2,0,swe,,,,jobspy:linkedin,,,https://www.linkedin.com/jobs/view/4459495549
40.0,0,analyst,Safeway,Procurement Systems Business Analyst,"Boise, ID",international,0,2,0,analyst,,,,jobspy:linkedin,,,https://www.linkedin.com/jobs/view/4460550070
40.0,0,analyst,HD Supply,Business Analyst,"New Braunfels, TX",international,0,2,0,analyst,,,,jobspy:linkedin,,,https://www.linkedin.com/jobs/view/4460561644
40.0,0,analyst,XP Inc.,Sr. Business Analyst | Varejo,"São Paulo, São Paulo, Brazil",international,0,2,0,analyst,,,,jobspy:linkedin,,,https://www.linkedin.com/jobs/view/4442160928
40.0,0,analyst,Rocket,Data Analyst - Servicing Operations,"Detroit, MI",international,0,2,0,analyst,,,,jobspy:linkedin,,,https://www.linkedin.com/jobs/view/4451035789
40.0,0,analyst,Esri,Business Analyst,"Redlands, CA",international,0,2,0,analyst,,,,jobspy:linkedin,,,https://www.linkedin.com/jobs/view/4460396284
40.0,0,analyst,Mears Group PLC,Business Analyst,"Coatbridge, Scotland, UK",international,0,2,0,analyst,,,,jobspy:linkedin,,,https://www.linkedin.com/jobs/view/4460513609
40.0,0,analyst,Birketts LLP,Power BI Analyst,"Ipswich, England, UK",international,0,2,0,analyst,,,,jobspy:linkedin,,,https://www.linkedin.com/jobs/view/4459421617
40.0,0,analyst,SunnyData,Senior Business Analyst (Data and Analytics),,international,0,2,0,analyst,,,,jobspy:linkedin,,,https://www.linkedin.com/jobs/view/4460515446
40.0,0,analyst,Match | ماتش,Data Analyst,"Jeddah, Makkah, Saudi Arabia",international,0,2,0,analyst,,,,jobspy:linkedin,,,https://www.linkedin.com/jobs/view/4458838391
40.0,0,analyst,DraftKings Inc.,Data Analyst,"Plovdiv, Plovdiv, Bulgaria",international,0,2,0,analyst,,,,jobspy:linkedin,,,https://www.linkedin.com/jobs/view/4424434361
40.0,0,analyst,Walker & Dunlop,Senior Data Analyst,,international,0,2,0,analyst,,,,jobspy:linkedin,,,https://www.linkedin.com/jobs/view/4414675936
40.0,0,swe,Trelleborg Sealing Solutions,"Senior Full Stack Developer, Ahmedabad GUJ",,international,0,2,0,swe,,,,jobspy:linkedin,,,https://www.linkedin.com/jobs/view/4406578155
40.0,0,swe,Trelleborg Sealing Solutions,"Full Stack Developer, Ahmedabad GUJ",,international,0,2,0,swe,,,,jobspy:linkedin,,,https://www.linkedin.com/jobs/view/4406562430
40.0,0,swe,HCLTech,Azure DevOps Lead Technical Consultant,"MH, IN",international,0,2,0,swe,,,,jobspy:indeed,,,https://in.indeed.com/viewjob?jk=095f24ed48a7ee68
40.0,0,swe,HCLTech,SDET Senior Test Specialist,"MH, IN",international,0,2,0,swe,,,,jobspy:indeed,,,https://in.indeed.com/viewjob?jk=0927bfc91fb14edc
40.0,0,swe,HCLTech,Full Stack Java Technical Lead - React.js,"KA, IN",international,0,2,0,swe,,,,jobspy:indeed,,,https://in.indeed.com/viewjob?jk=2ea7f824e0aed115
40.0,0,swe,HumanitApp,"Software Engineer, Full Stack - India",,international,0,2,0,swe,,,,jobspy:linkedin,,,https://www.linkedin.com/jobs/view/4459473500
40.0,0,swe,Appinventiv,Software Engineer,,international,0,2,0,swe,,,,jobspy:linkedin,,,https://www.linkedin.com/jobs/view/4458473227
40.0,0,swe,Xylem,Sr. Software Engineer,,international,0,2,0,swe,,,,jobspy:linkedin,,,https://www.linkedin.com/jobs/view/4448768874
40.0,0,swe,Pave,"Software Engineer, Developer Platform","New York, NY",international,0,2,0,swe,,,,jobspy:linkedin,,,https://www.linkedin.com/jobs/view/4432824117
40.0,0,swe,Doppel,"Software Engineer, Platform","New York, United States",international,0,2,0,swe,,,,jobspy:linkedin,,,https://www.linkedin.com/jobs/view/4366279258
40.0,0,swe,Acrisure,Software Engineer II,"Grand Rapids, MI",international,0,2,0,swe,,,,jobspy:linkedin,,,https://www.linkedin.com/jobs/view/4441962255
40.0,0,swe,Procore Technologies,Software Engineer 2,"Edmonton, Alberta, Canada",international,0,2,0,swe,,,,jobspy:linkedin,,,https://www.linkedin.com/jobs/view/4433522387
40.0,0,swe,Acrisure,Software Engineer II,"Uniondale, NY",international,0,2,0,swe,,,,jobspy:linkedin,,,https://www.linkedin.com/jobs/view/4441947789
40.0,0,swe,Alex AI,Full-Stack Software Engineer,"San Francisco, CA",international,0,2,0,swe,,,,jobspy:linkedin,,,https://www.linkedin.com/jobs/view/4460568271
40.0,0,swe,Rockstar Games,"Software Engineer, Java","Dundee, Scotland, UK",international,0,2,0,swe,,,,jobspy:linkedin,,,https://www.linkedin.com/jobs/view/4414705268
40.0,0,swe,Affirm,"Software Engineer II, Back-end (Card Mgmt & Transaction Processing)","Raleigh, NC",international,0,2,0,swe,,,,jobspy:linkedin,,,https://www.linkedin.com/jobs/view/4432190462
40.0,0,swe,Global Payments Inc.,Senior Software Engineer - Backend (.Net),"Denver, CO",international,0,2,0,swe,,,,jobspy:linkedin,,,https://www.linkedin.com/jobs/view/4450755506
40.0,0,swe,Smith System Driver Risk Management,Software Engineer II,"St Louis Park, MN",international,0,2,0,swe,,,,jobspy:linkedin,,,https://www.linkedin.com/jobs/view/4459424296
40.0,0,swe,Choice Hotels International,Software Engineer 1 - Guest & Loyalty Domain,"Scottsdale, AZ",international,0,2,0,swe,,,,jobspy:linkedin,,,https://www.linkedin.com/jobs/view/4460516927
40.0,0,swe,Admiral Money,Senior Software Engineer - Python,"Cardiff, Wales, UK",international,0,2,0,swe,,,,jobspy:linkedin,,,https://www.linkedin.com/jobs/view/4459422275
40.0,0,swe,Warner Bros. Discovery,Senior Software Developer,"Kanata, Ontario, Canada",international,0,2,0,swe,,,,jobspy:linkedin,,,https://www.linkedin.com/jobs/view/4460525438
40.0,0,swe,Cadence,Software Engineer II,"San Jose, CA",international,0,2,0,swe,,,,jobspy:linkedin,,,https://www.linkedin.com/jobs/view/4414498769
40.0,0,swe,OpenEye,Software Engineer II,"Liberty Lake, WA",international,0,2,0,swe,,,,jobspy:linkedin,,,https://www.linkedin.com/jobs/view/4433333833
40.0,0,swe,Walmart Global Tech,(USA) Software Engineer III,"Bentonville, AR",international,0,2,0,swe,,,,jobspy:linkedin,,,https://www.linkedin.com/jobs/view/4375267309
40.0,0,swe,Rippling,"Software Engineer II, Backend - Platform Team","Seattle, WA",international,0,2,0,swe,,,,jobspy:linkedin,,,https://www.linkedin.com/jobs/view/4414574050
40.0,0,swe,Baxter International Inc.,"Software Engineer,","Skaneateles Falls, NY",international,0,2,0,swe,,,,jobspy:linkedin,,,https://www.linkedin.com/jobs/view/4460854675
40.0,0,swe,Xerox,SOFTWARE ENGINEER 3,,international,0,2,0,swe,,,,jobspy:linkedin,,,https://www.linkedin.com/jobs/view/4362193461
40.0,0,swe,CNH,Software Engineer II - Backend APIs and Services,"Sioux Falls, SD",international,0,2,0,swe,,,,jobspy:linkedin,,,https://www.linkedin.com/jobs/view/4433899781
40.0,0,swe,OCBC,Software Engineer - Credit Card Platform,,international,0,2,0,swe,,,,jobspy:linkedin,,,https://www.linkedin.com/jobs/view/4432950651
40.0,0,swe,Worldpay,Senior Software Engineer - Backend (.Net),"Denver, CO",international,0,2,0,swe,,,,jobspy:linkedin,,,https://www.linkedin.com/jobs/view/4450772509
30.0,0,analyst,Delta Exchange,Business Analyst,India,india_other,2,5,0,analyst,,,,adzuna,,,https://www.adzuna.in/details/5836477057?utm_medium=api&utm_source=93a24393
30.0,0,analyst,Thomasmount Consulting,Business Analyst,"Bangalore, Karnataka",india_other,2,3,0,analyst,,,,adzuna,,,https://www.adzuna.in/details/5815241095?utm_medium=api&utm_source=93a24393
30.0,0,analyst,Rentomojo,Data Analyst,"Bangalore, Karnataka",india_other,2,5,0,analyst,,,,adzuna,,,https://www.adzuna.in/details/5759267308?utm_medium=api&utm_source=93a24393
30.0,0,analyst,Fatakpay,Data Analyst,India,india_other,2,4,0,analyst,,,,adzuna,,,https://www.adzuna.in/details/4966721625?utm_medium=api&utm_source=93a24393
30.0,0,analyst,RegisterKaro,Data Analyst,India,india_other,1,3,0,analyst,,,,adzuna,,,https://www.adzuna.in/details/4993547435?utm_medium=api&utm_source=93a24393
30.0,0,analyst,Wissen Technology,Data Analyst,"Bangalore, Karnataka",india_other,2,5,0,analyst,,,,adzuna,,,https://www.adzuna.in/details/5681009000?utm_medium=api&utm_source=93a24393
20.0,0,analyst,Dynata,Data Analyst/ Senior Data Analyst,"Noida, Ghaziabad",international,2,5,0,analyst,,,,adzuna,,,https://www.adzuna.in/details/5819873638?utm_medium=api&utm_source=93a24393
20.0,0,analyst,Jetking Technologies Private Limited,Data Analyst,"Noida, Ghaziabad",international,1,3,0,analyst,,,,adzuna,,,https://www.adzuna.in/details/5800765376?utm_medium=api&utm_source=93a24393
20.0,0,analyst,Dart,Project Systems Specialist,"George Town, ",international,2,3,0,analyst,,,,remoteok,,,https://remoteOK.com/remote-jobs/remote-project-systems-specialist-dart-1137069
20.0,0,analyst,Brilworks Software,Associate Project Manager,"GJ, IN",international,1,3,0,analyst,,,,jobspy:indeed,,,https://in.indeed.com/viewjob?jk=b88f5a97bd0bd59e
20.0,0,analyst,Access Assist,Program & Research Analyst,"UP, IN",international,2,3,0,analyst,,,,jobspy:indeed,,,https://in.indeed.com/viewjob?jk=26841da13b71ca14
20.0,0,analyst,Access Assist,Program & Research Analyst,"UP, IN",international,2,3,0,analyst,,,,jobspy:indeed,,,https://in.indeed.com/viewjob?jk=b92ae4556e720678
20.0,0,analyst,Access Assist,Program & Research Analyst,"UP, IN",international,2,3,0,analyst,,,,jobspy:indeed,,,https://in.indeed.com/viewjob?jk=24df677db6bcb4e0
